t,y,y2
0,4.22E-03,8.37E-03
0.017,2.42E-03,4.68E-03
0.033,3.96E-04,4.42E-04
0.05,-1.70E-03,-3.86E-03
0.067,-3.85E-03,-7.85E-03
0.083,-5.75E-03,-1.13E-02
0.1,-7.60E-03,-1.43E-02
0.117,-8.89E-03,-1.66E-02
0.133,-9.63E-03,-1.80E-02
0.15,-9.62E-03,-1.86E-02
0.167,-8.94E-03,-1.83E-02
0.183,-8.37E-03,-1.71E-02
0.2,-7.65E-03,-1.51E-02
0.217,-6.96E-03,-1.23E-02
0.233,-5.76E-03,-8.93E-03
0.25,-4.39E-03,-5.04E-03
0.267,-2.49E-03,-6.11E-04
0.283,-1.06E-03,3.43E-03
0.3,4.58E-04,7.17E-03
0.317,2.19E-03,1.07E-02
0.333,3.79E-03,1.35E-02
0.35,5.10E-03,1.57E-02
0.367,6.35E-03,1.71E-02
0.383,6.66E-03,1.75E-02
0.4,6.61E-03,1.71E-02
0.417,6.29E-03,1.58E-02
0.433,5.29E-03,1.38E-02
0.45,3.54E-03,1.09E-02
0.467,1.52E-03,7.40E-03
0.483,-7.96E-04,3.54E-03
0.5,-2.83E-03,-3.20E-04
0.517,-4.51E-03,-3.99E-03
0.533,-6.02E-03,-7.69E-03
0.55,-7.53E-03,-1.12E-02
0.567,-8.86E-03,-1.41E-02
0.583,-9.57E-03,-1.64E-02
0.6,-9.56E-03,-1.78E-02
0.617,-9.09E-03,-1.81E-02
0.633,-8.78E-03,-1.78E-02
0.65,-8.24E-03,-1.65E-02
0.667,-7.21E-03,-1.43E-02
0.683,-6.15E-03,-1.14E-02
0.7,-4.64E-03,-7.84E-03
0.717,-2.88E-03,-4.07E-03
0.733,-1.04E-03,-1.62E-04
0.75,1.24E-03,3.91E-03
0.767,3.33E-03,7.74E-03
0.783,5.10E-03,1.11E-02
0.8,6.50E-03,1.41E-02
0.817,7.72E-03,1.63E-02
0.833,8.66E-03,1.74E-02
0.85,9.56E-03,1.77E-02
0.867,9.89E-03,1.71E-02
0.883,9.36E-03,1.58E-02
0.9,7.92E-03,1.37E-02
0.917,5.81E-03,1.08E-02
0.933,3.57E-03,7.31E-03
0.95,1.36E-03,3.67E-03
0.967,-7.56E-04,-1.77E-04
0.983,-2.44E-03,-4.14E-03
1,-3.97E-03,-7.79E-03
1.017,-5.37E-03,-1.12E-02
1.033,-6.69E-03,-1.40E-02
1.05,-7.69E-03,-1.58E-02
1.067,-8.37E-03,-1.72E-02
1.083,-8.80E-03,-1.77E-02
1.1,-8.72E-03,-1.73E-02
1.117,-8.02E-03,-1.59E-02
1.133,-6.92E-03,-1.38E-02
1.15,-5.92E-03,-1.09E-02
1.167,-5.17E-03,-7.49E-03
1.183,-4.34E-03,-3.87E-03
1.2,-3.05E-03,-1.08E-04
1.217,-1.41E-03,3.71E-03
1.233,8.14E-04,7.18E-03
1.25,2.91E-03,1.01E-02
1.267,4.78E-03,1.27E-02
1.283,5.91E-03,1.45E-02
1.3,6.22E-03,1.57E-02
1.317,5.92E-03,1.59E-02
1.333,5.44E-03,1.53E-02
1.35,4.82E-03,1.37E-02
1.367,3.96E-03,1.16E-02
1.383,2.67E-03,8.70E-03
1.4,8.30E-04,5.43E-03
1.417,-1.43E-03,1.93E-03
1.433,-3.81E-03,-1.76E-03
1.45,-5.89E-03,-5.41E-03
1.467,-7.40E-03,-8.72E-03
1.483,-8.20E-03,-1.19E-02
1.5,-8.39E-03,-1.44E-02
1.517,-8.43E-03,-1.64E-02
1.533,-8.84E-03,-1.73E-02
1.55,-9.06E-03,-1.75E-02
1.567,-8.98E-03,-1.66E-02
1.583,-8.28E-03,-1.51E-02
1.6,-7.21E-03,-1.29E-02
1.617,-5.60E-03,-1.01E-02
1.633,-3.81E-03,-6.81E-03
1.65,-2.22E-03,-3.15E-03
1.667,-4.18E-04,6.45E-04
1.683,1.33E-03,4.26E-03
1.7,3.21E-03,7.76E-03
1.717,5.16E-03,1.07E-02
1.733,7.06E-03,1.31E-02
1.75,8.57E-03,1.50E-02
1.767,9.49E-03,1.58E-02
1.783,9.48E-03,1.58E-02
1.8,8.81E-03,1.51E-02
1.817,7.60E-03,1.36E-02
1.833,6.26E-03,1.14E-02
1.85,4.53E-03,8.61E-03
1.867,2.93E-03,5.37E-03
1.883,1.16E-03,1.74E-03
1.9,-7.05E-04,-1.93E-03
1.917,-2.58E-03,-5.44E-03
1.933,-4.06E-03,-8.93E-03
1.95,-5.44E-03,-1.19E-02
1.967,-6.32E-03,-1.43E-02
1.983,-7.02E-03,-1.60E-02
2,-7.45E-03,-1.68E-02
2.017,-7.76E-03,-1.70E-02
2.033,-8.04E-03,-1.63E-02
2.05,-7.69E-03,-1.49E-02
2.067,-7.03E-03,-1.27E-02
2.083,-6.01E-03,-9.92E-03
2.1,-4.70E-03,-6.65E-03
2.117,-3.22E-03,-3.21E-03
2.133,-1.82E-03,3.53E-04
2.15,-2.70E-04,3.89E-03
2.167,1.24E-03,6.99E-03
2.183,3.02E-03,9.80E-03
2.2,4.42E-03,1.21E-02
2.217,5.54E-03,1.36E-02
2.233,5.91E-03,1.44E-02
2.25,5.65E-03,1.44E-02
2.267,5.01E-03,1.37E-02
2.283,4.15E-03,1.22E-02
2.3,3.05E-03,1.01E-02
2.317,1.45E-03,7.41E-03
2.333,-1.83E-04,4.25E-03
2.35,-1.85E-03,1.02E-03
2.367,-3.61E-03,-2.45E-03
2.383,-5.06E-03,-5.63E-03
2.4,-6.16E-03,-8.92E-03
2.417,-7.06E-03,-1.17E-02
2.433,-7.54E-03,-1.37E-02
2.45,-7.74E-03,-1.52E-02
2.467,-7.57E-03,-1.59E-02
2.483,-7.57E-03,-1.58E-02
2.5,-7.58E-03,-1.51E-02
2.517,-6.97E-03,-1.35E-02
2.533,-6.13E-03,-1.12E-02
2.55,-4.68E-03,-8.44E-03
2.567,-2.91E-03,-5.37E-03
2.583,-9.76E-04,-1.92E-03
2.6,1.08E-03,1.52E-03
2.617,2.90E-03,4.86E-03
2.633,4.37E-03,8.09E-03
2.65,5.79E-03,1.09E-02
2.667,7.23E-03,1.29E-02
2.683,8.35E-03,1.43E-02
2.7,9.05E-03,1.50E-02
2.717,9.09E-03,1.50E-02
2.733,8.61E-03,1.41E-02
2.75,7.18E-03,1.27E-02
2.767,5.56E-03,1.06E-02
2.783,3.77E-03,7.85E-03
2.8,2.27E-03,4.78E-03
2.817,1.18E-03,1.32E-03
2.833,-2.21E-04,-2.24E-03
2.85,-1.66E-03,-5.54E-03
2.867,-3.16E-03,-8.50E-03
2.883,-4.58E-03,-1.12E-02
2.9,-5.84E-03,-1.33E-02
2.917,-6.76E-03,-1.49E-02
2.933,-7.35E-03,-1.56E-02
2.95,-7.48E-03,-1.57E-02
2.967,-7.33E-03,-1.49E-02
2.983,-7.00E-03,-1.33E-02
3,-6.56E-03,-1.12E-02
3.017,-6.09E-03,-8.45E-03
3.033,-5.18E-03,-5.39E-03
3.05,-3.77E-03,-2.16E-03
3.067,-1.73E-03,1.12E-03
3.083,3.60E-04,4.20E-03
3.1,1.97E-03,6.96E-03
3.117,3.19E-03,9.44E-03
3.133,4.00E-03,1.14E-02
3.15,4.28E-03,1.28E-02
3.167,4.21E-03,1.35E-02
3.183,4.07E-03,1.35E-02
3.2,3.60E-03,1.27E-02
3.217,2.88E-03,1.12E-02
3.233,1.78E-03,9.17E-03
3.25,4.06E-04,6.65E-03
3.267,-1.07E-03,3.85E-03
3.283,-2.85E-03,5.87E-04
3.3,-4.02E-03,-2.54E-03
3.317,-4.81E-03,-5.60E-03
3.333,-5.45E-03,-8.49E-03
3.35,-6.14E-03,-1.11E-02
3.367,-6.92E-03,-1.29E-02
3.383,-7.54E-03,-1.43E-02
3.4,-7.71E-03,-1.49E-02
3.417,-7.61E-03,-1.48E-02
3.433,-7.09E-03,-1.37E-02
3.45,-6.23E-03,-1.22E-02
3.467,-5.12E-03,-1.00E-02
3.483,-3.71E-03,-7.31E-03
3.5,-2.18E-03,-4.30E-03
3.517,-3.40E-04,-1.04E-03
3.533,1.52E-03,2.12E-03
3.55,3.33E-03,4.98E-03
3.567,4.95E-03,7.82E-03
3.583,6.58E-03,1.02E-02
3.6,7.79E-03,1.21E-02
3.617,8.13E-03,1.32E-02
3.633,8.06E-03,1.37E-02
3.65,7.75E-03,1.36E-02
3.667,7.18E-03,1.29E-02
3.683,6.39E-03,1.14E-02
3.7,5.16E-03,9.25E-03
3.717,3.53E-03,6.63E-03
3.733,2.17E-03,3.76E-03
3.75,6.26E-04,6.30E-04
3.767,-7.69E-04,-2.58E-03
3.783,-2.21E-03,-5.59E-03
3.8,-3.29E-03,-8.39E-03
3.817,-4.44E-03,-1.08E-02
3.833,-5.39E-03,-1.26E-02
3.85,-6.35E-03,-1.37E-02
3.867,-7.39E-03,-1.42E-02
3.883,-7.64E-03,-1.41E-02
3.9,-7.61E-03,-1.34E-02
3.917,-7.07E-03,-1.19E-02
3.933,-6.15E-03,-9.79E-03
3.95,-5.03E-03,-7.11E-03
3.967,-4.09E-03,-4.33E-03
3.983,-2.96E-03,-1.19E-03
4,-1.54E-03,1.79E-03
4.017,-8.62E-05,4.72E-03
4.033,1.50E-03,7.17E-03
4.05,2.71E-03,9.32E-03
4.067,3.26E-03,1.11E-02
4.083,3.39E-03,1.23E-02
4.1,3.14E-03,1.29E-02
4.117,2.56E-03,1.28E-02
4.133,1.92E-03,1.20E-02
4.15,1.35E-03,1.06E-02
4.167,6.66E-04,8.48E-03
4.183,-2.60E-04,6.10E-03
4.2,-1.37E-03,3.32E-03
4.217,-2.84E-03,3.83E-04
4.233,-4.37E-03,-2.57E-03
4.25,-5.54E-03,-5.48E-03
4.267,-6.20E-03,-8.22E-03
4.283,-6.57E-03,-1.05E-02
4.3,-6.88E-03,-1.22E-02
4.317,-7.26E-03,-1.34E-02
4.333,-7.68E-03,-1.37E-02
4.35,-7.71E-03,-1.34E-02
4.367,-7.46E-03,-1.24E-02
4.383,-6.57E-03,-1.07E-02
4.4,-4.85E-03,-8.69E-03
4.417,-2.95E-03,-6.20E-03
4.433,-9.26E-04,-3.40E-03
4.45,7.96E-04,-3.64E-04
4.467,2.19E-03,2.57E-03
4.483,3.38E-03,5.40E-03
4.5,4.75E-03,7.93E-03
4.517,6.28E-03,1.01E-02
4.533,7.43E-03,1.16E-02
4.55,8.10E-03,1.28E-02
4.567,8.08E-03,1.33E-02
4.583,7.33E-03,1.30E-02
4.6,6.32E-03,1.22E-02
4.617,5.40E-03,1.07E-02
4.633,4.79E-03,8.62E-03
4.65,4.07E-03,6.17E-03
4.667,3.05E-03,3.30E-03
4.683,1.85E-03,3.41E-04
4.7,4.29E-04,-2.63E-03
4.717,-1.43E-03,-5.41E-03
4.733,-3.20E-03,-8.14E-03
4.75,-4.62E-03,-1.02E-02
4.767,-5.45E-03,-1.19E-02
4.783,-6.01E-03,-1.29E-02
4.8,-6.61E-03,-1.34E-02
4.817,-6.82E-03,-1.31E-02
4.833,-7.28E-03,-1.21E-02
4.85,-7.31E-03,-1.06E-02
4.867,-6.59E-03,-8.57E-03
4.883,-5.36E-03,-6.19E-03
4.9,-3.79E-03,-3.76E-03
4.917,-2.32E-03,-9.94E-04
4.933,-9.34E-04,1.82E-03
4.95,6.33E-05,4.56E-03
4.967,8.98E-04,7.02E-03
4.983,1.53E-03,9.17E-03
5,1.98E-03,1.08E-02
5.017,2.37E-03,1.20E-02
5.033,2.55E-03,1.23E-02
5.05,2.57E-03,1.21E-02
5.067,2.03E-03,1.14E-02
5.083,1.16E-03,9.86E-03
5.1,2.55E-04,7.83E-03
5.117,-7.53E-04,5.53E-03
5.133,-1.56E-03,2.77E-03
5.15,-2.25E-03,-8.58E-05
5.167,-3.22E-03,-2.74E-03
5.183,-4.30E-03,-5.48E-03
5.2,-5.54E-03,-7.88E-03
5.217,-6.51E-03,-9.85E-03
5.233,-7.32E-03,-1.13E-02
5.25,-7.64E-03,-1.22E-02
5.267,-7.41E-03,-1.27E-02
5.283,-6.98E-03,-1.24E-02
5.3,-6.52E-03,-1.14E-02
5.317,-5.75E-03,-9.83E-03
5.333,-4.57E-03,-8.15E-03
5.35,-2.98E-03,-6.01E-03
5.367,-1.04E-03,-3.31E-03
5.383,6.80E-04,-5.61E-04
5.4,2.26E-03,2.34E-03
5.417,3.47E-03,4.91E-03
5.433,4.33E-03,7.48E-03
5.45,5.01E-03,9.41E-03
5.467,5.79E-03,1.09E-02
5.483,6.43E-03,1.21E-02
5.5,6.98E-03,1.24E-02
5.517,7.08E-03,1.22E-02
5.533,6.37E-03,1.14E-02
5.55,5.72E-03,9.97E-03
5.567,4.73E-03,7.87E-03
5.583,3.53E-03,5.54E-03
5.6,2.60E-03,2.77E-03
5.617,1.31E-03,-1.94E-04
5.633,-1.54E-04,-3.02E-03
5.65,-1.56E-03,-5.57E-03
5.667,-3.25E-03,-7.92E-03
5.683,-4.79E-03,-9.83E-03
5.7,-6.04E-03,-1.13E-02
5.717,-6.69E-03,-1.23E-02
5.733,-6.97E-03,-1.27E-02
5.75,-6.93E-03,-1.26E-02
5.767,-6.74E-03,-1.19E-02
5.783,-6.61E-03,-1.05E-02
5.8,-6.13E-03,-8.63E-03
5.817,-5.17E-03,-6.38E-03
5.833,-4.04E-03,-3.94E-03
5.85,-2.64E-03,-1.22E-03
5.867,-1.35E-03,1.25E-03
5.883,-2.99E-04,3.94E-03
5.9,6.52E-04,6.28E-03
5.917,1.18E-03,8.40E-03
5.933,1.44E-03,9.96E-03
5.95,1.49E-03,1.08E-02
5.967,1.79E-03,1.13E-02
5.983,2.05E-03,1.13E-02
6,2.10E-03,1.06E-02
6.017,1.77E-03,9.15E-03
6.033,1.02E-03,7.20E-03
6.05,1.98E-05,4.92E-03
6.067,-9.63E-04,2.51E-03
6.083,-1.83E-03,-2.10E-04
6.1,-2.91E-03,-2.72E-03
6.117,-3.99E-03,-5.40E-03
6.133,-4.94E-03,-7.66E-03
6.15,-5.87E-03,-9.70E-03
6.167,-6.51E-03,-1.12E-02
6.183,-6.86E-03,-1.21E-02
6.2,-7.06E-03,-1.22E-02
6.217,-6.77E-03,-1.21E-02
6.233,-5.90E-03,-1.14E-02
6.25,-4.69E-03,-1.00E-02
6.267,-3.14E-03,-8.32E-03
6.283,-2.22E-03,-6.23E-03
6.3,-8.69E-04,-3.82E-03
6.317,5.00E-04,-1.06E-03
6.333,1.89E-03,1.72E-03
6.35,3.24E-03,4.17E-03
6.367,4.36E-03,6.47E-03
6.383,5.12E-03,8.46E-03
6.4,5.68E-03,9.98E-03
6.417,6.35E-03,1.08E-02
6.433,6.43E-03,1.13E-02
6.45,6.25E-03,1.13E-02
6.467,5.77E-03,1.06E-02
6.483,5.48E-03,9.09E-03
6.5,4.87E-03,7.14E-03
6.517,4.06E-03,4.86E-03
6.533,2.73E-03,2.44E-03
6.55,1.02E-03,-2.65E-04
6.567,-7.88E-04,-2.93E-03
6.583,-2.20E-03,-5.29E-03
6.6,-3.60E-03,-7.60E-03
6.617,-4.65E-03,-9.39E-03
6.633,-5.52E-03,-1.07E-02
6.65,-6.27E-03,-1.18E-02
6.667,-6.81E-03,-1.22E-02
6.683,-7.06E-03,-1.20E-02
6.7,-6.83E-03,-1.13E-02
6.717,-6.31E-03,-9.94E-03
6.733,-5.59E-03,-8.34E-03
6.75,-4.60E-03,-6.17E-03
6.767,-3.75E-03,-3.87E-03
6.783,-2.91E-03,-1.24E-03
6.8,-2.07E-03,1.18E-03
6.817,-1.14E-03,3.92E-03
6.833,-3.13E-04,6.24E-03
6.85,5.54E-04,7.87E-03
6.867,1.16E-03,9.28E-03
6.883,1.57E-03,1.05E-02
6.9,1.86E-03,1.07E-02
6.917,1.94E-03,1.06E-02
6.933,1.74E-03,9.88E-03
6.95,1.45E-03,8.49E-03
6.967,8.57E-04,6.90E-03
6.983,1.99E-04,4.81E-03
7,-6.99E-04,2.45E-03
7.017,-1.80E-03,-1.36E-04
7.033,-3.02E-03,-2.61E-03
7.05,-4.07E-03,-4.88E-03
7.067,-4.83E-03,-6.92E-03
7.083,-5.40E-03,-9.04E-03
7.1,-5.82E-03,-1.04E-02
7.117,-6.00E-03,-1.13E-02
7.133,-5.99E-03,-1.18E-02
7.15,-5.50E-03,-1.16E-02
7.167,-4.77E-03,-1.08E-02
7.183,-3.81E-03,-9.72E-03
7.2,-2.53E-03,-7.87E-03
7.217,-1.20E-03,-5.93E-03
7.233,-2.18E-05,-3.44E-03
7.25,1.15E-03,-9.11E-04
7.267,2.27E-03,1.77E-03
7.283,3.26E-03,4.21E-03
7.3,4.26E-03,6.35E-03
7.317,5.44E-03,8.34E-03
7.333,6.29E-03,9.88E-03
7.35,6.67E-03,1.07E-02
7.367,6.59E-03,1.12E-02
7.383,6.47E-03,1.08E-02
7.4,6.17E-03,1.00E-02
7.417,5.47E-03,8.52E-03
7.433,4.79E-03,6.85E-03
7.45,3.72E-03,4.67E-03
7.467,2.56E-03,2.29E-03
7.483,1.14E-03,-2.66E-04
7.5,-7.45E-04,-2.67E-03
7.517,-2.39E-03,-4.99E-03
7.533,-3.91E-03,-7.12E-03
7.55,-5.22E-03,-9.06E-03
7.567,-5.96E-03,-1.05E-02
7.583,-6.29E-03,-1.14E-02
7.6,-6.54E-03,-1.20E-02
7.617,-6.78E-03,-1.18E-02
7.633,-6.78E-03,-1.12E-02
7.65,-6.56E-03,-9.89E-03
7.667,-5.91E-03,-8.31E-03
7.683,-4.74E-03,-6.16E-03
7.7,-3.62E-03,-3.80E-03
7.717,-2.79E-03,-1.34E-03
7.733,-2.08E-03,1.16E-03
7.75,-1.48E-03,3.49E-03
7.767,-7.32E-04,5.63E-03
7.783,1.29E-04,7.60E-03
7.8,1.06E-03,9.16E-03
7.817,1.84E-03,9.97E-03
7.833,2.47E-03,1.04E-02
7.85,2.57E-03,1.04E-02
7.867,2.23E-03,9.74E-03
7.883,1.56E-03,8.45E-03
7.9,7.69E-04,6.87E-03
7.917,-6.70E-05,4.74E-03
7.933,-7.79E-04,2.48E-03
7.95,-1.66E-03,-1.72E-05
7.967,-2.99E-03,-2.50E-03
7.983,-4.28E-03,-4.73E-03
8,-5.36E-03,-6.92E-03
8.017,-6.02E-03,-8.75E-03
8.033,-6.18E-03,-9.98E-03
8.05,-5.97E-03,-1.11E-02
8.067,-5.49E-03,-1.14E-02
8.083,-5.20E-03,-1.13E-02
8.1,-4.72E-03,-1.06E-02
8.117,-3.99E-03,-9.25E-03
8.133,-3.11E-03,-7.60E-03
8.15,-2.08E-03,-5.45E-03
8.167,-8.15E-04,-3.13E-03
8.183,5.62E-04,-5.05E-04
8.2,1.43E-03,1.95E-03
8.217,2.72E-03,4.27E-03
8.233,3.51E-03,6.43E-03
8.25,4.20E-03,8.31E-03
8.267,5.04E-03,9.83E-03
8.283,5.64E-03,1.06E-02
8.3,5.95E-03,1.07E-02
8.317,5.82E-03,1.05E-02
8.333,5.61E-03,9.76E-03
8.35,4.73E-03,8.43E-03
8.367,3.58E-03,6.49E-03
8.383,2.14E-03,4.51E-03
8.4,7.50E-04,2.09E-03
8.417,-7.13E-04,-3.51E-04
8.433,-2.20E-03,-2.90E-03
8.45,-3.71E-03,-5.29E-03
8.467,-4.76E-03,-7.49E-03
8.483,-5.92E-03,-9.19E-03
8.5,-6.66E-03,-1.06E-02
8.517,-6.90E-03,-1.14E-02
8.533,-6.99E-03,-1.19E-02
8.55,-6.94E-03,-1.15E-02
8.567,-6.77E-03,-1.07E-02
8.583,-6.37E-03,-9.28E-03
8.6,-5.75E-03,-7.67E-03
8.617,-5.05E-03,-5.48E-03
8.633,-3.97E-03,-3.18E-03
8.65,-2.96E-03,-7.34E-04
8.667,-1.76E-03,1.93E-03
8.683,-9.50E-04,4.17E-03
8.7,1.16E-04,6.25E-03
8.717,1.05E-03,7.91E-03
8.733,2.05E-03,9.23E-03
8.75,2.72E-03,1.00E-02
8.767,3.20E-03,1.04E-02
8.783,3.26E-03,1.01E-02
8.8,3.00E-03,9.24E-03
8.817,2.19E-03,7.87E-03
8.833,1.33E-03,6.18E-03
8.85,4.05E-04,4.12E-03
8.867,-6.52E-04,1.81E-03
8.883,-1.70E-03,-5.48E-04
8.9,-2.82E-03,-3.10E-03
8.917,-3.87E-03,-5.47E-03
8.933,-4.65E-03,-7.51E-03
8.95,-5.29E-03,-9.20E-03
8.967,-5.41E-03,-1.05E-02
8.983,-5.44E-03,-1.14E-02
9,-5.33E-03,-1.16E-02
9.017,-4.86E-03,-1.13E-02
9.033,-4.40E-03,-1.05E-02
9.05,-3.77E-03,-9.12E-03
9.067,-3.06E-03,-7.17E-03
9.083,-2.33E-03,-4.92E-03
9.1,-1.51E-03,-2.57E-03
9.117,-1.08E-04,-1.49E-04
9.133,1.23E-03,2.28E-03
9.15,2.56E-03,4.72E-03
9.167,3.48E-03,6.77E-03
9.183,4.32E-03,8.41E-03
9.2,4.98E-03,9.77E-03
9.217,5.50E-03,1.05E-02
9.233,5.63E-03,1.07E-02
9.25,5.49E-03,1.01E-02
9.267,4.92E-03,9.17E-03
9.283,4.07E-03,7.78E-03
9.3,2.77E-03,6.14E-03
9.317,1.38E-03,4.04E-03
9.333,-6.94E-05,1.73E-03
9.35,-1.54E-03,-7.11E-04
9.367,-2.83E-03,-3.13E-03
9.383,-3.83E-03,-5.47E-03
9.4,-4.67E-03,-7.57E-03
9.417,-5.34E-03,-9.16E-03
9.433,-6.06E-03,-1.04E-02
9.45,-6.66E-03,-1.12E-02
9.467,-6.92E-03,-1.14E-02
9.483,-6.92E-03,-1.11E-02
9.5,-6.58E-03,-9.95E-03
9.517,-6.14E-03,-8.53E-03
9.533,-5.43E-03,-6.85E-03
9.55,-4.54E-03,-4.68E-03
9.567,-3.45E-03,-2.40E-03
9.583,-2.41E-03,2.05E-04
9.6,-1.17E-03,2.59E-03
9.617,-1.01E-04,4.77E-03
9.633,1.18E-03,6.89E-03
9.65,2.30E-03,8.45E-03
9.667,3.16E-03,9.58E-03
9.683,3.68E-03,1.05E-02
9.7,3.66E-03,1.07E-02
9.717,3.45E-03,1.01E-02
9.733,3.08E-03,9.27E-03
9.75,2.42E-03,7.81E-03
9.767,1.74E-03,6.10E-03
9.783,6.59E-04,3.95E-03
9.8,-4.01E-04,1.65E-03
9.817,-1.45E-03,-7.19E-04
9.833,-2.45E-03,-3.13E-03
9.85,-3.20E-03,-5.35E-03
9.867,-3.87E-03,-7.45E-03
9.883,-4.39E-03,-9.04E-03
9.9,-4.62E-03,-1.04E-02
9.917,-4.60E-03,-1.11E-02
9.933,-4.60E-03,-1.12E-02
9.95,-4.60E-03,-1.06E-02
9.967,-4.42E-03,-9.74E-03
9.983,-3.90E-03,-8.31E-03
10,-2.97E-03,-6.38E-03
10.017,-1.77E-03,-4.11E-03
10.033,-8.82E-04,-1.79E-03
10.05,3.87E-04,5.31E-04
10.067,1.35E-03,2.72E-03
10.083,2.62E-03,4.87E-03
10.1,3.60E-03,6.80E-03
10.117,4.40E-03,8.33E-03
10.133,4.83E-03,9.26E-03
10.15,5.05E-03,9.85E-03
10.167,5.01E-03,9.84E-03
10.183,4.38E-03,9.27E-03
10.2,3.62E-03,8.24E-03
10.217,2.60E-03,6.85E-03
10.233,1.30E-03,4.94E-03
10.25,4.03E-04,2.78E-03
10.267,-8.59E-04,4.45E-04
10.283,-2.02E-03,-1.93E-03
10.3,-3.20E-03,-4.26E-03
10.317,-4.26E-03,-6.38E-03
10.333,-5.26E-03,-8.31E-03
10.35,-5.89E-03,-9.79E-03
10.367,-6.30E-03,-1.07E-02
10.383,-6.62E-03,-1.13E-02
10.4,-6.86E-03,-1.13E-02
10.417,-6.88E-03,-1.06E-02
10.433,-6.65E-03,-9.38E-03
10.45,-6.03E-03,-7.78E-03
10.467,-5.11E-03,-5.72E-03
10.483,-3.95E-03,-3.49E-03
10.5,-2.71E-03,-1.12E-03
10.517,-1.50E-03,1.17E-03
10.533,-4.31E-04,3.37E-03
10.55,7.95E-04,5.52E-03
10.567,1.89E-03,7.37E-03
10.583,2.89E-03,8.89E-03
10.6,3.60E-03,9.97E-03
10.617,3.76E-03,1.06E-02
10.633,3.68E-03,1.05E-02
10.65,3.28E-03,9.97E-03
10.667,2.73E-03,8.70E-03
10.683,1.97E-03,7.16E-03
10.7,1.19E-03,5.16E-03
10.717,4.75E-04,3.11E-03
10.733,-3.45E-04,6.60E-04
10.75,-1.09E-03,-1.73E-03
10.767,-2.11E-03,-3.99E-03
10.783,-3.05E-03,-6.19E-03
10.8,-3.84E-03,-8.06E-03
10.817,-4.30E-03,-9.21E-03
10.833,-4.48E-03,-1.03E-02
10.85,-4.64E-03,-1.07E-02
10.867,-4.62E-03,-1.05E-02
10.883,-4.65E-03,-9.83E-03
10.9,-4.44E-03,-8.62E-03
10.917,-3.85E-03,-6.94E-03
10.933,-2.94E-03,-5.19E-03
10.95,-1.80E-03,-3.07E-03
10.967,-3.69E-04,-7.16E-04
10.983,8.41E-04,1.66E-03
11,1.93E-03,3.92E-03
11.017,2.75E-03,5.88E-03
11.033,3.50E-03,7.62E-03
11.05,3.93E-03,8.81E-03
11.067,4.21E-03,9.83E-03
11.083,4.15E-03,1.00E-02
11.1,4.02E-03,9.91E-03
11.117,3.51E-03,9.22E-03
11.133,2.57E-03,7.91E-03
11.15,1.33E-03,6.31E-03
11.167,3.25E-04,4.22E-03
11.183,-5.14E-04,2.00E-03
11.2,-1.54E-03,-3.58E-04
11.217,-2.44E-03,-2.61E-03
11.233,-3.41E-03,-4.80E-03
11.25,-4.53E-03,-6.84E-03
11.267,-5.35E-03,-8.45E-03
11.283,-5.89E-03,-9.70E-03
11.3,-6.25E-03,-1.05E-02
11.317,-6.43E-03,-1.06E-02
11.333,-6.53E-03,-1.05E-02
11.35,-6.31E-03,-9.76E-03
11.367,-5.66E-03,-8.43E-03
11.383,-5.61E-03,-8.42E-03
11.4,-4.86E-03,-6.83E-03
11.417,-3.86E-03,-4.76E-03
11.433,-2.53E-03,-2.58E-03
11.45,-1.18E-03,-3.67E-04
11.467,2.46E-04,1.94E-03
11.483,1.56E-03,4.11E-03
11.5,2.65E-03,6.05E-03
11.517,3.40E-03,7.68E-03
11.533,3.91E-03,8.96E-03
11.55,4.24E-03,9.85E-03
11.567,4.28E-03,9.98E-03
11.583,4.21E-03,9.86E-03
11.6,3.79E-03,9.10E-03
11.617,3.24E-03,7.75E-03
11.633,2.61E-03,6.13E-03
11.65,1.83E-03,4.08E-03
11.667,7.22E-04,1.88E-03
11.683,-9.96E-05,-3.68E-04
11.7,-9.34E-04,-2.69E-03
11.717,-1.72E-03,-4.85E-03
11.733,-2.47E-03,-6.72E-03
11.75,-3.14E-03,-8.36E-03
11.767,-3.91E-03,-9.63E-03
11.783,-4.47E-03,-1.02E-02
11.8,-4.62E-03,-1.04E-02
11.817,-4.58E-03,-9.85E-03
11.833,-4.29E-03,-9.11E-03
11.85,-3.83E-03,-7.72E-03
11.867,-3.24E-03,-6.16E-03
11.883,-2.28E-03,-4.10E-03
11.9,-1.18E-03,-2.05E-03
11.917,6.07E-05,2.27E-04
11.933,1.13E-03,2.48E-03
11.95,1.97E-03,4.44E-03
11.967,2.63E-03,6.32E-03
11.983,3.23E-03,7.78E-03
12,3.38E-03,8.63E-03
12.017,3.47E-03,9.24E-03
12.033,3.40E-03,9.24E-03
12.05,2.84E-03,8.92E-03
12.067,2.17E-03,7.92E-03
12.083,1.35E-03,6.62E-03
12.1,6.50E-04,4.95E-03
12.117,-3.83E-04,2.83E-03
12.133,-1.32E-03,5.13E-04
12.15,-2.31E-03,-1.74E-03
12.167,-3.17E-03,-3.93E-03
12.183,-4.01E-03,-6.05E-03
12.2,-4.65E-03,-7.66E-03
12.217,-5.44E-03,-9.09E-03
12.233,-6.12E-03,-9.90E-03
12.25,-6.60E-03,-1.05E-02
12.267,-6.62E-03,-1.05E-02
12.283,-6.18E-03,-9.88E-03
12.3,-5.59E-03,-9.05E-03
12.317,-4.82E-03,-7.61E-03
12.333,-3.76E-03,-5.77E-03
12.35,-2.62E-03,-3.85E-03
12.367,-1.45E-03,-1.73E-03
12.383,-8.55E-05,4.67E-04
12.4,1.20E-03,2.64E-03
12.417,2.28E-03,4.71E-03
12.433,3.29E-03,6.31E-03
12.45,4.03E-03,7.76E-03
12.467,4.24E-03,8.60E-03
12.483,4.22E-03,9.16E-03
12.5,4.19E-03,9.16E-03
12.517,3.83E-03,8.55E-03
12.533,3.45E-03,7.57E-03
12.55,3.01E-03,6.14E-03
12.567,2.23E-03,4.42E-03
12.583,1.47E-03,2.42E-03
12.6,5.62E-04,2.97E-04
12.617,-2.25E-04,-1.88E-03
12.633,-1.17E-03,-4.06E-03
12.65,-2.13E-03,-6.02E-03
12.667,-3.16E-03,-7.69E-03
12.683,-3.75E-03,-9.06E-03
12.7,-4.43E-03,-9.85E-03
12.717,-4.74E-03,-1.00E-02
12.733,-4.83E-03,-9.89E-03
12.75,-4.85E-03,-9.27E-03
12.767,-4.53E-03,-8.36E-03
12.783,-3.83E-03,-6.90E-03
12.8,-2.93E-03,-5.31E-03
12.817,-1.77E-03,-3.38E-03
12.833,-7.47E-04,-1.19E-03
12.85,-1.20E-05,8.53E-04
12.867,6.40E-04,2.85E-03
12.883,1.32E-03,4.72E-03
12.9,1.96E-03,6.21E-03
12.917,2.30E-03,7.48E-03
12.933,2.32E-03,8.29E-03
12.95,2.25E-03,8.51E-03
12.967,1.79E-03,8.40E-03
12.983,1.29E-03,7.81E-03
13,7.41E-04,6.78E-03
13.017,1.18E-04,5.38E-03
13.033,-4.77E-04,3.51E-03
13.05,-1.12E-03,1.55E-03
13.067,-1.82E-03,-3.95E-04
13.083,-2.72E-03,-2.50E-03
13.1,-3.78E-03,-4.60E-03
13.117,-4.70E-03,-6.18E-03
13.133,-5.43E-03,-7.65E-03
13.15,-6.02E-03,-8.64E-03
13.167,-6.37E-03,-9.13E-03
13.183,-6.30E-03,-9.27E-03
13.2,-6.06E-03,-9.07E-03
13.217,-5.81E-03,-8.34E-03
13.233,-5.10E-03,-7.12E-03
13.25,-3.94E-03,-5.54E-03
13.267,-2.92E-03,-3.87E-03
13.283,-1.70E-03,-1.93E-03
13.3,-2.80E-04,-7.41E-05
13.317,9.94E-04,1.98E-03
13.333,2.04E-03,4.02E-03
13.35,2.84E-03,5.63E-03
13.367,3.38E-03,7.07E-03
13.383,3.76E-03,8.42E-03
13.4,4.09E-03,9.17E-03
13.417,4.12E-03,9.25E-03
13.433,4.13E-03,9.12E-03
13.45,4.03E-03,8.40E-03
13.467,3.65E-03,7.15E-03
13.483,3.00E-03,5.54E-03
13.5,2.45E-03,3.73E-03
13.517,1.94E-03,1.88E-03
13.533,1.20E-03,-2.83E-04
13.55,-3.70E-05,-2.39E-03
13.567,-1.16E-03,-4.11E-03
13.583,-2.16E-03,-6.05E-03
13.6,-3.16E-03,-7.43E-03
13.617,-3.84E-03,-8.36E-03
13.633,-4.38E-03,-9.06E-03
13.65,-4.70E-03,-9.11E-03
13.667,-4.67E-03,-8.96E-03
13.683,-4.38E-03,-8.26E-03
13.7,-3.73E-03,-7.02E-03
13.717,-3.06E-03,-5.67E-03
13.733,-2.39E-03,-4.00E-03
13.75,-1.60E-03,-2.07E-03
13.767,-8.71E-04,-1.90E-04
13.783,-7.91E-05,1.79E-03
13.8,5.44E-04,3.56E-03
13.817,1.10E-03,5.22E-03
13.833,1.26E-03,6.49E-03
13.85,1.42E-03,7.42E-03
13.867,1.41E-03,7.97E-03
13.883,1.40E-03,7.94E-03
13.9,1.31E-03,7.55E-03
13.917,1.12E-03,6.88E-03
13.933,5.90E-04,5.62E-03
13.95,2.57E-04,4.11E-03
13.967,-4.01E-04,2.38E-03
13.983,-1.09E-03,4.99E-04
14,-2.06E-03,-1.29E-03
14.017,-3.25E-03,-3.18E-03
14.033,-4.07E-03,-4.91E-03
14.05,-4.79E-03,-6.32E-03
14.067,-5.30E-03,-7.57E-03
14.083,-5.73E-03,-8.40E-03
14.1,-5.83E-03,-8.97E-03
14.117,-5.77E-03,-9.02E-03
14.133,-5.54E-03,-8.50E-03
14.15,-4.69E-03,-7.64E-03
14.167,-3.85E-03,-6.45E-03
14.183,-2.84E-03,-4.89E-03
14.2,-1.81E-03,-3.26E-03
14.217,-4.83E-04,-1.31E-03
14.233,6.43E-04,6.11E-04
14.25,1.53E-03,2.56E-03
14.267,2.35E-03,4.35E-03
14.283,3.01E-03,6.13E-03
14.3,3.48E-03,7.44E-03
14.317,3.96E-03,8.41E-03
14.333,4.13E-03,8.71E-03
14.35,4.21E-03,8.61E-03
14.367,4.25E-03,8.17E-03
14.383,4.25E-03,7.51E-03
14.4,3.93E-03,6.22E-03
14.417,3.59E-03,4.76E-03
14.433,2.78E-03,3.09E-03
14.45,1.79E-03,1.22E-03
14.467,6.22E-04,-8.35E-04
14.483,-4.18E-04,-2.62E-03
14.5,-1.58E-03,-4.26E-03
14.517,-2.46E-03,-5.63E-03
14.533,-3.21E-03,-6.78E-03
14.55,-3.83E-03,-7.67E-03
14.567,-4.40E-03,-8.20E-03
14.583,-4.48E-03,-8.30E-03
14.6,-4.39E-03,-8.19E-03
14.617,-3.98E-03,-7.51E-03
14.633,-3.42E-03,-6.25E-03
14.65,-2.91E-03,-4.78E-03
14.667,-2.25E-03,-3.30E-03
14.683,-1.68E-03,-1.52E-03
14.7,-1.08E-03,3.27E-04
14.717,-6.59E-04,2.04E-03
14.733,-1.64E-04,3.77E-03
14.75,2.69E-04,5.33E-03
14.767,5.70E-04,6.35E-03
14.783,7.80E-04,7.05E-03
14.8,7.73E-04,7.49E-03
14.817,7.31E-04,7.20E-03
14.833,6.97E-04,6.81E-03
14.85,5.19E-04,5.94E-03
14.867,1.49E-04,4.85E-03
14.883,-4.16E-04,3.28E-03
14.9,-1.12E-03,1.70E-03
14.917,-1.92E-03,-2.48E-04
14.933,-2.61E-03,-1.85E-03
14.95,-3.38E-03,-3.40E-03
14.967,-4.08E-03,-4.83E-03
14.983,-4.78E-03,-6.18E-03
15,-5.14E-03,-7.24E-03
15.017,-5.21E-03,-7.72E-03
15.033,-5.04E-03,-8.14E-03
15.05,-4.66E-03,-7.85E-03
15.067,-4.02E-03,-7.47E-03
15.083,-3.38E-03,-6.53E-03
15.1,-2.43E-03,-5.40E-03
15.117,-1.50E-03,-3.94E-03
15.133,-3.53E-04,-2.29E-03
15.15,5.41E-04,-3.93E-04
15.167,1.22E-03,1.34E-03
15.183,1.98E-03,3.21E-03
15.2,2.77E-03,4.79E-03
15.217,3.46E-03,6.11E-03
15.233,4.05E-03,7.12E-03
15.25,4.44E-03,7.73E-03
15.267,4.81E-03,7.95E-03
15.283,4.95E-03,7.75E-03
15.3,4.96E-03,7.27E-03
15.317,4.72E-03,6.24E-03
15.333,4.17E-03,4.99E-03
15.35,3.38E-03,3.43E-03
15.367,2.59E-03,1.75E-03
15.383,1.38E-03,-1.21E-04
15.4,3.51E-04,-1.89E-03
15.417,-7.78E-04,-3.54E-03
15.433,-1.78E-03,-4.93E-03
15.45,-2.53E-03,-6.24E-03
15.467,-3.11E-03,-7.04E-03
15.483,-3.71E-03,-7.74E-03
15.5,-4.03E-03,-8.13E-03
15.517,-4.03E-03,-8.05E-03
15.533,-3.85E-03,-7.53E-03
15.55,-3.64E-03,-6.83E-03
15.567,-3.16E-03,-5.51E-03
15.583,-2.71E-03,-4.05E-03
15.6,-2.30E-03,-2.53E-03
15.617,-1.86E-03,-7.21E-04
15.633,-1.54E-03,1.06E-03
15.65,-1.03E-03,2.57E-03
15.667,-2.66E-04,4.02E-03
15.683,4.01E-04,5.39E-03
15.7,7.40E-04,6.29E-03
15.717,8.68E-04,6.94E-03
15.733,1.01E-03,7.03E-03
15.75,1.07E-03,6.97E-03
15.767,1.11E-03,6.34E-03
15.783,8.01E-04,5.50E-03
15.8,3.66E-04,4.16E-03
15.817,-2.15E-04,2.73E-03
15.833,-9.53E-04,1.19E-03
15.85,-1.85E-03,-3.73E-04
15.867,-2.89E-03,-1.88E-03
15.883,-3.70E-03,-3.43E-03
15.9,-4.05E-03,-4.84E-03
15.917,-4.04E-03,-6.13E-03
15.933,-4.04E-03,-6.97E-03
15.95,-4.02E-03,-7.60E-03
15.967,-3.87E-03,-7.72E-03
15.983,-3.74E-03,-7.61E-03
16,-3.19E-03,-7.00E-03
16.017,-2.39E-03,-6.21E-03
16.033,-1.60E-03,-4.87E-03
16.05,-7.15E-04,-3.37E-03
16.067,3.50E-06,-1.76E-03
16.083,7.33E-04,9.20E-05
16.1,1.44E-03,1.85E-03
16.117,2.16E-03,3.47E-03
16.133,3.02E-03,4.89E-03
16.15,3.64E-03,6.12E-03
16.167,4.35E-03,7.01E-03
16.183,4.94E-03,7.59E-03
16.2,5.08E-03,7.73E-03
16.217,5.02E-03,7.65E-03
16.233,4.71E-03,7.04E-03
16.25,4.23E-03,6.14E-03
16.267,3.52E-03,4.83E-03
16.283,2.76E-03,3.34E-03
16.3,1.81E-03,1.81E-03
16.317,5.50E-04,1.64E-04
16.333,-3.81E-04,-1.62E-03
16.35,-1.59E-03,-3.23E-03
16.367,-2.44E-03,-4.70E-03
16.383,-3.01E-03,-6.05E-03
16.4,-3.24E-03,-6.89E-03
16.417,-3.39E-03,-7.62E-03
16.433,-3.65E-03,-7.72E-03
16.45,-3.73E-03,-7.66E-03
16.467,-3.75E-03,-6.98E-03
16.483,-3.75E-03,-6.18E-03
16.5,-3.52E-03,-4.81E-03
16.517,-3.17E-03,-3.41E-03
16.533,-2.42E-03,-1.82E-03
16.55,-1.88E-03,-3.16E-04
16.567,-1.36E-03,1.28E-03
16.583,-8.60E-04,2.74E-03
16.6,-2.44E-04,4.15E-03
16.617,5.04E-04,5.40E-03
16.633,1.20E-03,6.25E-03
16.65,1.61E-03,6.91E-03
16.667,1.80E-03,6.97E-03
16.683,1.83E-03,6.91E-03
16.7,1.47E-03,6.32E-03
16.717,6.57E-04,5.46E-03
16.733,2.60E-04,4.27E-03
16.75,-2.52E-04,2.73E-03
16.767,-8.54E-04,1.24E-03
16.783,-1.62E-03,-3.67E-04
16.8,-2.22E-03,-1.86E-03
16.817,-2.82E-03,-3.34E-03
16.833,-3.32E-03,-4.78E-03
16.85,-3.42E-03,-5.97E-03
16.867,-3.32E-03,-6.86E-03
16.883,-3.19E-03,-7.15E-03
16.9,-3.07E-03,-7.30E-03
16.917,-2.90E-03,-7.00E-03
16.933,-2.52E-03,-6.31E-03
16.95,-1.92E-03,-5.45E-03
16.967,-1.11E-03,-4.13E-03
16.983,-2.93E-04,-2.63E-03
17,5.22E-04,-1.06E-03
17.017,1.39E-03,5.48E-04
17.033,2.13E-03,2.22E-03
17.05,2.85E-03,3.97E-03
17.067,3.57E-03,5.27E-03
17.083,4.29E-03,6.30E-03
17.1,5.02E-03,7.06E-03
17.117,5.45E-03,7.62E-03
17.133,5.54E-03,7.68E-03
17.15,5.12E-03,7.58E-03
17.167,4.37E-03,6.95E-03
17.183,3.73E-03,6.04E-03
17.2,2.93E-03,4.83E-03
17.217,2.16E-03,3.36E-03
17.233,1.19E-03,1.82E-03
17.25,2.48E-04,9.60E-06
17.267,-7.61E-04,-1.56E-03
17.283,-1.55E-03,-3.19E-03
17.3,-2.46E-03,-4.67E-03
17.317,-2.96E-03,-5.94E-03
17.333,-3.55E-03,-6.80E-03
17.35,-3.82E-03,-7.42E-03
17.367,-3.93E-03,-7.55E-03
17.383,-4.14E-03,-7.19E-03
17.4,-4.11E-03,-6.70E-03
17.417,-4.09E-03,-5.68E-03
17.433,-3.75E-03,-4.56E-03
17.45,-3.24E-03,-3.22E-03
17.467,-2.47E-03,-1.58E-03
17.483,-1.54E-03,9.54E-05
17.5,-8.46E-04,1.74E-03
17.517,-3.14E-04,3.24E-03
17.533,2.94E-04,4.66E-03
17.55,8.81E-04,5.63E-03
17.567,1.30E-03,6.32E-03
17.583,1.82E-03,6.94E-03
17.6,1.88E-03,6.99E-03
17.617,1.90E-03,6.85E-03
17.633,1.74E-03,6.27E-03
17.65,1.36E-03,5.48E-03
17.667,5.89E-04,4.16E-03
17.683,-1.68E-05,2.67E-03
17.7,-6.31E-04,1.19E-03
17.717,-1.10E-03,-3.73E-04
17.733,-1.47E-03,-1.84E-03
17.75,-2.10E-03,-3.31E-03
17.767,-2.39E-03,-4.65E-03
17.783,-2.64E-03,-5.62E-03
17.8,-2.83E-03,-6.31E-03
17.817,-2.95E-03,-6.90E-03
17.833,-2.71E-03,-6.92E-03
17.85,-2.39E-03,-6.70E-03
17.867,-2.10E-03,-6.06E-03
17.883,-1.70E-03,-4.99E-03
17.9,-9.06E-04,-3.74E-03
17.917,-2.44E-04,-2.36E-03
17.933,5.90E-04,-7.97E-04
17.95,1.42E-03,7.75E-04
17.967,2.50E-03,2.39E-03
17.983,3.31E-03,3.92E-03
18,4.06E-03,5.27E-03
18.017,4.42E-03,6.26E-03
18.033,4.80E-03,6.99E-03
18.05,4.91E-03,7.50E-03
18.067,4.89E-03,7.56E-03
18.083,4.37E-03,7.18E-03
18.1,3.99E-03,6.45E-03
18.117,3.36E-03,5.46E-03
18.133,2.59E-03,4.15E-03
18.15,1.48E-03,2.68E-03
18.167,5.94E-04,1.15E-03
18.183,-2.27E-04,-4.72E-04
18.2,-9.49E-04,-1.94E-03
18.217,-1.61E-03,-3.40E-03
18.233,-2.47E-03,-4.73E-03
18.25,-3.18E-03,-6.01E-03
18.267,-3.79E-03,-6.76E-03
18.283,-4.11E-03,-7.01E-03
18.3,-4.33E-03,-7.11E-03
18.317,-4.40E-03,-6.86E-03
18.333,-4.49E-03,-6.17E-03
18.35,-4.31E-03,-5.30E-03
18.367,-3.87E-03,-4.02E-03
18.383,-3.09E-03,-2.58E-03
18.4,-2.41E-03,-1.06E-03
18.417,-1.50E-03,5.01E-04
18.433,-8.15E-04,1.98E-03
18.45,8.05E-05,3.41E-03
18.467,8.35E-04,4.76E-03
18.483,1.29E-03,5.66E-03
18.5,1.71E-03,6.35E-03
18.517,1.95E-03,6.84E-03
18.533,2.09E-03,6.98E-03
18.55,2.05E-03,6.68E-03
18.567,1.68E-03,6.10E-03
18.583,1.35E-03,5.27E-03
18.6,7.00E-04,4.09E-03
18.617,3.52E-04,2.64E-03
18.633,2.96E-05,1.15E-03
18.65,-4.25E-04,-4.19E-04
18.667,-9.13E-04,-1.91E-03
18.683,-1.47E-03,-3.33E-03
18.7,-1.83E-03,-4.69E-03
18.717,-2.11E-03,-5.57E-03
18.733,-2.39E-03,-6.27E-03
18.75,-2.54E-03,-6.70E-03
18.767,-2.51E-03,-6.78E-03
18.783,-2.35E-03,-6.27E-03
18.8,-1.88E-03,-5.52E-03
18.817,-1.34E-03,-4.52E-03
18.833,-8.58E-04,-3.32E-03
18.85,-9.86E-05,-1.85E-03
18.867,8.12E-04,-3.65E-04
18.883,1.86E-03,1.24E-03
18.9,2.67E-03,2.68E-03
18.917,3.40E-03,4.08E-03
18.933,3.70E-03,5.25E-03
18.95,3.99E-03,6.25E-03
18.967,4.06E-03,6.97E-03
18.983,4.07E-03,7.21E-03
19,3.95E-03,7.11E-03
19.017,3.58E-03,6.62E-03
19.033,2.94E-03,6.00E-03
19.05,2.28E-03,4.89E-03
19.067,1.44E-03,3.55E-03
19.083,7.01E-04,1.91E-03
19.1,-2.55E-05,3.43E-04
19.117,-9.39E-04,-1.24E-03
19.133,-1.70E-03,-2.71E-03
19.15,-2.43E-03,-4.11E-03
19.167,-3.15E-03,-5.46E-03
19.183,-3.76E-03,-6.22E-03
19.2,-4.37E-03,-6.93E-03
19.217,-4.77E-03,-7.04E-03
19.233,-4.81E-03,-6.93E-03
19.25,-4.77E-03,-6.46E-03
19.267,-4.44E-03,-5.58E-03
19.283,-3.96E-03,-4.63E-03
19.3,-3.17E-03,-3.33E-03
19.317,-2.42E-03,-1.85E-03
19.333,-1.55E-03,-3.58E-04
19.35,-6.68E-04,1.19E-03
19.367,6.41E-05,2.64E-03
19.383,7.61E-04,4.08E-03
19.4,1.22E-03,5.37E-03
19.417,1.77E-03,6.26E-03
19.433,2.09E-03,6.98E-03
19.45,2.18E-03,7.09E-03
19.467,2.14E-03,7.06E-03
19.483,2.05E-03,6.79E-03
19.5,1.87E-03,5.97E-03
19.517,1.50E-03,4.91E-03
19.533,1.20E-03,3.51E-03
19.55,7.38E-04,1.97E-03
19.567,2.64E-04,4.20E-04
19.583,-2.26E-04,-1.12E-03
19.6,-8.76E-04,-2.61E-03
19.617,-1.38E-03,-4.01E-03
19.633,-1.77E-03,-5.35E-03
19.65,-2.24E-03,-6.14E-03
19.667,-2.50E-03,-6.74E-03
19.683,-2.47E-03,-6.89E-03
19.7,-2.46E-03,-6.77E-03
19.717,-2.46E-03,-6.28E-03
19.733,-1.85E-03,-5.47E-03
19.75,-1.09E-03,-4.17E-03
19.767,-3.09E-04,-3.07E-03
19.783,4.34E-04,-1.62E-03
19.8,1.12E-03,-2.05E-04
19.817,1.87E-03,1.39E-03
19.833,2.14E-03,2.73E-03
19.85,2.65E-03,4.05E-03
19.867,2.94E-03,4.99E-03
19.883,3.41E-03,5.96E-03
19.9,3.48E-03,6.35E-03
19.917,3.47E-03,6.49E-03
19.933,2.98E-03,6.29E-03
19.95,2.46E-03,5.70E-03
19.967,2.00E-03,4.80E-03
19.983,1.47E-03,3.71E-03
20,1.00E-03,2.36E-03
20.017,2.96E-04,9.32E-04
20.033,-4.07E-04,-6.92E-04
20.05,-1.49E-03,-2.03E-03
20.067,-2.46E-03,-3.43E-03
20.083,-3.23E-03,-4.73E-03
20.1,-3.85E-03,-5.73E-03
20.117,-4.30E-03,-6.37E-03
20.133,-4.64E-03,-6.85E-03
20.15,-4.62E-03,-6.89E-03
20.167,-4.61E-03,-6.87E-03
20.183,-4.52E-03,-6.24E-03
20.2,-4.04E-03,-5.39E-03
20.217,-3.25E-03,-4.06E-03
20.233,-2.37E-03,-2.69E-03
20.25,-1.45E-03,-1.19E-03
20.267,-6.23E-04,3.73E-04
20.283,2.49E-05,1.88E-03
20.3,6.23E-04,3.34E-03
20.317,1.11E-03,4.78E-03
20.333,1.78E-03,5.70E-03
20.35,2.29E-03,6.38E-03
20.367,2.45E-03,6.93E-03
20.383,2.69E-03,7.08E-03
20.4,2.74E-03,6.81E-03
20.417,2.59E-03,6.27E-03
20.433,2.50E-03,5.48E-03
20.45,2.08E-03,4.17E-03
20.467,1.74E-03,2.72E-03
20.483,1.34E-03,1.21E-03
20.5,6.94E-04,-3.34E-04
20.517,-1.48E-05,-1.84E-03
20.533,-8.18E-04,-3.30E-03
20.55,-1.56E-03,-4.46E-03
20.567,-2.08E-03,-5.57E-03
20.583,-2.44E-03,-6.29E-03
20.6,-2.53E-03,-6.41E-03
20.617,-2.48E-03,-6.36E-03
20.633,-2.34E-03,-6.24E-03
20.65,-1.89E-03,-5.52E-03
20.667,-1.46E-03,-4.70E-03
20.683,-9.57E-04,-3.44E-03
20.7,-2.12E-04,-2.01E-03
20.717,3.74E-04,-5.01E-04
20.733,1.13E-03,1.03E-03
20.75,1.59E-03,2.51E-03
20.767,2.02E-03,3.85E-03
20.783,2.51E-03,4.94E-03
20.8,2.67E-03,5.78E-03
20.817,2.70E-03,6.45E-03
20.833,2.71E-03,6.74E-03
20.85,2.71E-03,6.85E-03
20.867,2.53E-03,6.39E-03
20.883,2.11E-03,5.59E-03
20.9,1.50E-03,4.75E-03
20.917,6.90E-04,3.35E-03
20.933,2.61E-05,1.92E-03
20.95,-7.72E-04,4.29E-04
20.967,-1.52E-03,-1.06E-03
20.983,-2.28E-03,-2.53E-03
21,-3.05E-03,-3.94E-03
21.017,-3.82E-03,-4.90E-03
21.033,-4.35E-03,-5.75E-03
21.05,-4.66E-03,-6.20E-03
21.067,-4.71E-03,-6.48E-03
21.083,-4.68E-03,-6.22E-03
21.1,-4.33E-03,-6.03E-03
21.117,-3.81E-03,-5.34E-03
21.133,-3.16E-03,-4.52E-03
21.15,-2.39E-03,-3.26E-03
21.167,-1.65E-03,-1.82E-03
21.183,-8.28E-04,-3.53E-04
21.2,4.30E-05,1.16E-03
21.217,7.38E-04,2.61E-03
21.233,1.45E-03,4.03E-03
21.25,1.83E-03,5.24E-03
21.267,2.51E-03,6.22E-03
21.283,2.79E-03,6.84E-03
21.3,3.24E-03,6.99E-03
21.317,3.31E-03,6.99E-03
21.333,3.33E-03,6.40E-03
21.35,3.33E-03,5.62E-03
21.367,2.99E-03,4.71E-03
21.383,2.68E-03,3.40E-03
21.4,2.11E-03,2.04E-03
21.417,1.35E-03,4.68E-04
21.433,5.54E-04,-1.03E-03
21.45,-2.35E-04,-2.50E-03
21.467,-9.28E-04,-3.82E-03
21.483,-1.37E-03,-4.76E-03
21.5,-1.78E-03,-5.56E-03
21.517,-2.25E-03,-6.10E-03
21.533,-2.40E-03,-6.28E-03
21.55,-2.39E-03,-6.25E-03
21.567,-2.28E-03,-5.63E-03
21.583,-1.82E-03,-4.86E-03
21.6,-1.42E-03,-3.99E-03
21.617,-8.22E-04,-2.70E-03
21.633,-3.29E-04,-1.33E-03
21.65,7.64E-05,1.91E-04
21.667,4.49E-04,1.67E-03
21.683,7.42E-04,2.92E-03
21.7,1.13E-03,4.18E-03
21.717,1.42E-03,5.02E-03
21.733,1.69E-03,5.67E-03
21.75,1.78E-03,6.12E-03
21.767,1.81E-03,6.23E-03
21.783,1.58E-03,6.13E-03
21.8,1.37E-03,5.53E-03
21.817,1.11E-03,4.80E-03
21.833,6.15E-04,3.70E-03
21.85,-1.49E-04,2.51E-03
21.867,-9.42E-04,1.15E-03
21.883,-1.83E-03,-3.17E-04
21.9,-2.53E-03,-1.68E-03
21.917,-3.23E-03,-3.10E-03
21.933,-3.77E-03,-4.07E-03
21.95,-4.16E-03,-4.93E-03
21.967,-4.47E-03,-5.60E-03
21.983,-4.52E-03,-6.11E-03
22,-4.53E-03,-6.16E-03
22.017,-4.10E-03,-6.03E-03
22.033,-3.77E-03,-5.43E-03
22.05,-3.22E-03,-4.71E-03
22.067,-2.41E-03,-3.44E-03
22.083,-1.56E-03,-2.32E-03
22.1,-8.24E-04,-9.69E-04
22.117,-9.29E-05,4.41E-04
22.133,6.62E-04,1.88E-03
22.15,1.26E-03,3.24E-03
22.167,1.92E-03,4.55E-03
22.183,2.68E-03,5.49E-03
22.2,3.24E-03,6.18E-03
22.217,3.66E-03,6.44E-03
22.233,3.65E-03,6.42E-03
22.25,3.65E-03,6.27E-03
22.267,3.60E-03,5.71E-03
22.283,3.53E-03,4.86E-03
22.3,2.93E-03,3.81E-03
22.317,2.27E-03,2.58E-03
22.333,1.50E-03,1.24E-03
22.35,7.45E-04,-2.31E-04
22.367,-1.52E-05,-1.56E-03
22.383,-7.38E-04,-2.83E-03
22.4,-1.45E-03,-3.98E-03
22.417,-1.65E-03,-4.76E-03
22.433,-1.93E-03,-5.49E-03
22.45,-2.21E-03,-5.69E-03
22.467,-2.40E-03,-5.99E-03
22.483,-2.31E-03,-5.65E-03
22.5,-2.36E-03,-5.34E-03
22.517,-2.18E-03,-4.38E-03
22.533,-1.69E-03,-3.32E-03
22.55,-1.16E-03,-1.99E-03
22.567,-8.68E-04,-7.92E-04
22.583,-7.26E-04,4.46E-04
22.6,-2.53E-04,1.79E-03
22.617,2.90E-06,3.12E-03
22.633,4.95E-04,4.02E-03
22.65,1.15E-03,4.77E-03
22.667,1.38E-03,5.38E-03
22.683,1.35E-03,5.62E-03
22.7,1.22E-03,5.59E-03
22.717,8.85E-04,5.34E-03
22.733,4.66E-04,4.79E-03
22.75,3.47E-04,3.97E-03
22.767,8.62E-06,2.70E-03
22.783,-6.13E-04,1.78E-03
22.8,-1.43E-03,4.51E-04
22.817,-2.24E-03,-9.30E-04
22.833,-2.93E-03,-1.94E-03
22.85,-3.54E-03,-3.22E-03
22.867,-3.92E-03,-4.07E-03
22.883,-4.00E-03,-4.80E-03
22.9,-3.99E-03,-5.43E-03
22.917,-3.92E-03,-5.61E-03
22.933,-3.78E-03,-5.55E-03
22.95,-3.44E-03,-5.31E-03
22.967,-3.05E-03,-4.65E-03
22.983,-2.40E-03,-3.88E-03
23,-1.71E-03,-2.75E-03
23.017,-8.20E-04,-1.61E-03
23.033,-5.98E-05,-3.41E-04
23.05,6.19E-04,1.11E-03
23.067,1.22E-03,2.44E-03
23.083,1.81E-03,3.73E-03
23.1,2.18E-03,4.78E-03
23.117,2.80E-03,5.51E-03
23.133,3.36E-03,6.15E-03
23.15,3.86E-03,6.31E-03
23.167,4.01E-03,6.25E-03
23.183,4.05E-03,5.94E-03
23.2,3.58E-03,5.45E-03
23.217,3.01E-03,4.54E-03
23.233,2.49E-03,3.41E-03
23.25,2.04E-03,2.11E-03
23.267,1.47E-03,9.31E-04
23.283,7.01E-04,-3.64E-04
23.3,-2.76E-05,-1.72E-03
23.317,-9.89E-04,-2.78E-03
23.333,-1.68E-03,-3.87E-03
23.35,-2.08E-03,-4.67E-03
23.367,-2.31E-03,-5.26E-03
23.383,-2.33E-03,-5.52E-03
23.4,-2.33E-03,-5.52E-03
23.417,-2.30E-03,-5.24E-03
23.433,-2.42E-03,-4.71E-03
23.45,-2.38E-03,-3.88E-03
23.467,-2.24E-03,-2.73E-03
23.483,-1.87E-03,-1.67E-03
23.5,-1.36E-03,-4.16E-04
23.517,-9.02E-04,9.62E-04
23.533,-5.20E-04,1.94E-03
23.55,-9.04E-05,3.14E-03
23.567,6.60E-05,4.02E-03
23.583,2.58E-04,4.70E-03
23.6,5.09E-04,4.96E-03
23.617,7.55E-04,5.16E-03
23.633,8.18E-04,4.96E-03
23.65,6.20E-04,4.72E-03
23.667,2.74E-04,4.04E-03
23.683,-1.89E-04,3.30E-03
23.7,-8.87E-04,2.30E-03
23.717,-1.36E-03,1.19E-03
23.733,-1.77E-03,1.81E-04
23.75,-2.26E-03,-1.04E-03
23.767,-2.86E-03,-2.28E-03
23.783,-3.11E-03,-3.29E-03
23.8,-3.35E-03,-4.06E-03
23.817,-3.31E-03,-4.72E-03
23.833,-3.40E-03,-5.05E-03
23.85,-3.16E-03,-5.26E-03
23.867,-2.92E-03,-5.04E-03
23.883,-2.55E-03,-4.61E-03
23.9,-1.90E-03,-3.99E-03
23.917,-1.37E-03,-3.22E-03
23.933,-9.25E-04,-1.97E-03
23.95,-3.94E-04,-9.32E-04
23.967,4.58E-04,3.49E-04
23.983,1.31E-03,1.73E-03
24,2.04E-03,2.75E-03
24.017,2.73E-03,3.93E-03
24.033,3.31E-03,4.74E-03
24.05,3.63E-03,5.46E-03
24.067,4.00E-03,5.73E-03
24.083,4.15E-03,5.95E-03
24.1,4.15E-03,5.70E-03
24.117,4.05E-03,5.37E-03
24.133,3.67E-03,4.71E-03
24.15,3.01E-03,3.93E-03
24.167,2.27E-03,2.74E-03
24.183,1.43E-03,1.76E-03
24.2,7.49E-04,3.98E-04
24.217,1.27E-04,-8.05E-04
24.233,-3.50E-04,-1.87E-03
24.25,-8.29E-04,-3.09E-03
24.267,-1.43E-03,-4.01E-03
24.283,-2.14E-03,-4.75E-03
24.3,-2.50E-03,-5.04E-03
24.317,-2.58E-03,-5.24E-03
24.333,-2.53E-03,-5.02E-03
24.35,-2.51E-03,-4.70E-03
24.367,-2.45E-03,-4.01E-03
24.383,-2.31E-03,-3.27E-03
24.4,-2.35E-03,-2.31E-03
24.417,-2.18E-03,-1.14E-03
24.433,-1.83E-03,-8.28E-05
24.45,-1.31E-03,1.05E-03
24.467,-8.61E-04,2.01E-03
24.483,-2.59E-04,2.99E-03
24.5,1.20E-04,3.83E-03
24.517,3.69E-04,4.56E-03
24.533,4.35E-04,4.84E-03
24.55,3.07E-04,4.84E-03
24.567,2.39E-04,4.77E-03
24.583,1.41E-04,4.29E-03
24.6,1.45E-05,3.86E-03
24.617,-3.40E-04,2.84E-03
24.633,-8.65E-04,1.88E-03
24.65,-1.45E-03,9.53E-04
24.667,-2.15E-03,-2.36E-04
24.683,-2.44E-03,-1.18E-03
24.7,-2.52E-03,-2.37E-03
24.717,-2.47E-03,-3.29E-03
24.733,-2.46E-03,-4.03E-03
24.75,-2.46E-03,-4.64E-03
24.767,-2.45E-03,-4.81E-03
24.783,-2.44E-03,-4.79E-03
24.8,-2.42E-03,-4.66E-03
24.817,-2.16E-03,-4.13E-03
24.833,-1.70E-03,-3.39E-03
24.85,-8.79E-04,-2.57E-03
24.867,-1.56E-04,-1.55E-03
24.883,4.74E-04,-4.56E-04
24.9,1.03E-03,8.79E-04
24.917,1.62E-03,1.89E-03
24.933,2.23E-03,3.03E-03
24.95,2.90E-03,4.00E-03
24.967,3.62E-03,4.74E-03
24.983,4.08E-03,5.38E-03
25,4.15E-03,5.52E-03
25.017,4.11E-03,5.55E-03
25.033,3.76E-03,5.50E-03
25.05,3.41E-03,5.05E-03
25.067,2.96E-03,4.24E-03
25.083,2.55E-03,3.36E-03
25.1,1.96E-03,2.41E-03
25.117,1.38E-03,1.21E-03
25.133,6.40E-04,2.16E-04
25.15,-8.20E-05,-1.00E-03
25.167,-8.44E-04,-1.98E-03
25.183,-1.33E-03,-3.13E-03
25.2,-1.68E-03,-3.91E-03
25.217,-1.81E-03,-4.50E-03
25.233,-2.17E-03,-4.79E-03
25.25,-2.55E-03,-4.79E-03
25.267,-2.91E-03,-4.73E-03
25.283,-3.10E-03,-4.11E-03
25.3,-3.09E-03,-3.45E-03
25.317,-2.74E-03,-2.59E-03
25.333,-2.49E-03,-1.75E-03
25.35,-1.85E-03,-6.30E-04
25.367,-1.51E-03,3.83E-04
25.383,-1.08E-03,1.32E-03
25.4,-6.72E-04,2.39E-03
25.417,-2.67E-04,3.27E-03
25.433,5.31E-05,3.99E-03
25.45,3.08E-04,4.65E-03
25.467,5.37E-04,4.81E-03
25.483,5.50E-04,4.80E-03
25.5,3.37E-04,4.73E-03
25.517,8.46E-05,4.18E-03
25.533,-2.87E-04,3.53E-03
25.55,-6.31E-04,2.69E-03
25.567,-8.94E-04,1.82E-03
25.583,-1.05E-03,9.47E-04
25.6,-1.40E-03,-2.60E-04
25.617,-1.60E-03,-1.17E-03
25.633,-1.80E-03,-2.31E-03
25.65,-1.95E-03,-3.20E-03
25.667,-1.88E-03,-3.78E-03
25.683,-2.12E-03,-4.16E-03
25.7,-2.20E-03,-4.34E-03
25.717,-2.09E-03,-4.19E-03
25.733,-1.85E-03,-3.99E-03
25.75,-1.50E-03,-3.39E-03
25.767,-1.12E-03,-2.74E-03
25.783,-4.96E-04,-1.80E-03
25.8,2.39E-04,-9.59E-04
25.817,1.02E-03,2.30E-04
25.833,1.85E-03,1.21E-03
25.85,2.52E-03,2.37E-03
25.867,2.96E-03,3.30E-03
25.883,3.32E-03,4.04E-03
25.9,3.71E-03,4.76E-03
25.917,3.96E-03,5.22E-03
25.933,4.04E-03,5.49E-03
25.95,3.70E-03,5.49E-03
25.967,3.40E-03,5.22E-03
25.983,2.97E-03,4.84E-03
26,2.52E-03,4.10E-03
26.017,2.08E-03,3.25E-03
26.033,1.76E-03,2.09E-03
26.05,1.04E-03,1.11E-03
26.067,5.43E-04,-2.53E-04
26.083,-2.50E-04,-1.11E-03
26.1,-7.77E-04,-2.33E-03
26.117,-1.42E-03,-3.20E-03
26.133,-1.85E-03,-3.94E-03
26.15,-2.24E-03,-4.20E-03
26.167,-2.66E-03,-4.63E-03
26.183,-3.01E-03,-4.67E-03
26.2,-3.14E-03,-4.54E-03
26.217,-3.16E-03,-4.02E-03
26.233,-2.99E-03,-3.32E-03
26.25,-2.60E-03,-2.56E-03
26.267,-2.11E-03,-1.69E-03
26.283,-1.61E-03,-4.91E-04
26.3,-1.07E-03,4.10E-04
26.317,-5.61E-04,1.65E-03
26.333,-2.43E-04,2.54E-03
26.35,1.15E-04,3.32E-03
26.367,4.24E-04,4.03E-03
26.383,6.57E-04,4.66E-03
26.4,6.41E-04,4.83E-03
26.417,6.87E-04,4.82E-03
26.433,4.73E-04,4.72E-03
26.45,3.71E-04,4.11E-03
26.467,3.69E-04,3.40E-03
26.483,4.94E-05,2.64E-03
26.5,-7.30E-05,1.81E-03
26.517,-1.89E-04,8.16E-04
26.533,-3.26E-04,-3.13E-04
26.55,-7.06E-04,-1.15E-03
26.567,-1.13E-03,-2.04E-03
26.583,-1.35E-03,-2.73E-03
26.6,-1.59E-03,-3.30E-03
26.617,-1.75E-03,-3.83E-03
26.633,-1.67E-03,-4.00E-03
26.65,-1.70E-03,-3.96E-03
26.667,-1.47E-03,-3.80E-03
26.683,-1.11E-03,-3.27E-03
26.7,-4.73E-04,-2.55E-03
26.717,5.17E-05,-1.78E-03
26.733,6.40E-04,-8.35E-04
26.75,1.40E-03,2.97E-04
26.767,2.08E-03,1.23E-03
26.783,2.64E-03,2.24E-03
26.8,2.84E-03,3.26E-03
26.817,2.93E-03,4.02E-03
26.833,2.89E-03,4.75E-03
26.85,3.17E-03,5.03E-03
26.867,3.27E-03,5.24E-03
26.883,3.35E-03,5.33E-03
26.9,2.86E-03,4.90E-03
26.917,2.49E-03,4.27E-03
26.933,2.01E-03,3.50E-03
26.95,1.51E-03,2.52E-03
26.967,1.14E-03,1.66E-03
26.983,5.37E-04,4.29E-04
27,-1.12E-04,-4.67E-04
27.017,-8.56E-04,-1.68E-03
27.033,-1.59E-03,-2.57E-03
27.05,-2.32E-03,-3.31E-03
27.067,-2.87E-03,-3.95E-03
27.083,-3.20E-03,-4.21E-03
27.1,-3.35E-03,-4.49E-03
27.117,-3.43E-03,-4.56E-03
27.133,-3.38E-03,-4.14E-03
27.15,-3.27E-03,-3.61E-03
27.167,-3.07E-03,-3.13E-03
27.183,-2.58E-03,-2.09E-03
27.2,-1.96E-03,-1.11E-03
27.217,-1.24E-03,-2.68E-04
27.233,-4.81E-04,9.83E-04
27.25,-1.56E-04,1.91E-03
27.267,1.61E-04,2.72E-03
27.283,1.98E-04,3.45E-03
27.3,5.02E-04,4.13E-03
27.317,7.18E-04,4.66E-03
27.333,1.04E-03,4.77E-03
27.35,1.27E-03,4.77E-03
27.367,1.24E-03,4.60E-03
27.383,1.25E-03,4.04E-03
27.4,1.08E-03,3.34E-03
27.417,7.94E-04,2.58E-03
27.433,6.02E-04,1.64E-03
27.45,4.30E-04,5.16E-04
27.467,3.16E-04,-3.98E-04
27.483,-9.60E-05,-1.31E-03
27.5,-3.69E-04,-2.36E-03
27.517,-7.78E-04,-3.04E-03
27.533,-1.15E-03,-3.44E-03
27.55,-1.32E-03,-3.83E-03
27.567,-1.41E-03,-3.97E-03
27.583,-1.05E-03,-3.90E-03
27.6,-4.15E-04,-3.46E-03
27.617,-2.74E-05,-2.99E-03
27.633,3.75E-04,-2.33E-03
27.65,7.51E-04,-1.45E-03
27.667,1.09E-03,-4.52E-04
27.683,1.77E-03,6.00E-04
27.7,2.15E-03,1.66E-03
27.717,2.68E-03,2.59E-03
27.733,2.93E-03,3.39E-03
27.75,2.87E-03,4.08E-03
27.767,2.79E-03,4.66E-03
27.783,2.72E-03,4.92E-03
27.8,2.68E-03,4.96E-03
27.817,2.70E-03,4.78E-03
27.833,2.68E-03,4.42E-03
27.85,2.51E-03,3.87E-03
27.867,2.04E-03,3.10E-03
27.883,1.27E-03,2.11E-03
27.9,5.00E-04,1.11E-03
27.917,-1.72E-04,4.66E-05
27.933,-8.17E-04,-1.02E-03
27.95,-1.51E-03,-1.90E-03
27.967,-1.86E-03,-2.65E-03
27.983,-2.37E-03,-3.35E-03
28,-2.99E-03,-3.97E-03
28.017,-3.53E-03,-4.14E-03
28.033,-3.79E-03,-4.14E-03
28.05,-3.70E-03,-4.01E-03
28.067,-3.26E-03,-3.76E-03
28.083,-2.58E-03,-3.24E-03
28.1,-2.10E-03,-2.51E-03
28.117,-1.78E-03,-1.67E-03
28.133,-1.46E-03,-5.40E-04
28.15,-1.11E-03,4.38E-04
28.167,-6.35E-04,1.63E-03
28.183,-1.90E-04,2.58E-03
28.2,4.80E-04,3.36E-03
28.217,1.10E-03,4.08E-03
28.233,1.39E-03,4.75E-03
28.25,1.37E-03,5.02E-03
28.267,1.33E-03,4.95E-03
28.283,1.40E-03,4.79E-03
28.3,1.78E-03,4.54E-03
28.317,2.05E-03,4.02E-03
28.333,2.02E-03,3.24E-03
28.35,1.73E-03,2.31E-03
28.367,1.23E-03,1.26E-03
28.383,5.59E-04,3.55E-04
28.4,-1.55E-05,-8.12E-04
28.417,-2.09E-04,-1.74E-03
28.433,-3.01E-04,-2.52E-03
28.45,-3.79E-04,-3.25E-03
28.467,-3.97E-04,-3.55E-03
28.483,-7.35E-04,-3.85E-03
28.5,-8.00E-04,-3.90E-03
28.517,-8.20E-04,-3.63E-03
28.533,-4.17E-04,-3.26E-03
28.55,3.45E-04,-2.59E-03
28.567,7.84E-04,-1.83E-03
28.583,1.22E-03,-9.54E-04
28.6,1.40E-03,9.74E-05
28.617,1.40E-03,1.14E-03
28.633,1.41E-03,2.02E-03
28.65,1.90E-03,3.01E-03
28.667,2.50E-03,3.91E-03
28.683,2.85E-03,4.67E-03
28.7,2.86E-03,4.85E-03
28.717,2.77E-03,4.95E-03
28.733,2.55E-03,4.90E-03
28.75,2.16E-03,4.70E-03
28.767,1.83E-03,4.12E-03
28.783,1.71E-03,3.34E-03
28.8,1.34E-03,2.55E-03
28.817,7.42E-04,1.68E-03
28.833,-1.98E-05,5.13E-04
28.85,-8.51E-04,-3.84E-04
28.867,-1.76E-03,-1.33E-03
28.883,-2.33E-03,-2.38E-03
28.9,-2.57E-03,-3.19E-03
28.917,-2.52E-03,-3.87E-03
28.933,-2.53E-03,-4.12E-03
28.95,-2.51E-03,-4.25E-03
28.967,-2.95E-03,-4.15E-03
28.983,-3.06E-03,-3.95E-03
29,-2.94E-03,-3.35E-03
29.017,-2.40E-03,-2.72E-03
29.033,-1.65E-03,-1.77E-03
29.05,-9.18E-04,-9.45E-04
29.067,-3.94E-04,1.85E-04
29.083,-3.17E-05,1.23E-03
29.1,3.30E-04,2.28E-03
29.117,6.81E-04,3.30E-03
29.133,1.08E-03,4.09E-03
29.15,1.76E-03,4.79E-03
29.167,2.47E-03,4.96E-03
29.183,2.95E-03,5.16E-03
29.2,2.89E-03,5.30E-03
29.217,2.74E-03,4.96E-03
29.233,2.62E-03,4.50E-03
29.25,2.20E-03,3.93E-03
29.267,2.00E-03,2.92E-03
29.283,1.99E-03,2.08E-03
29.3,1.81E-03,1.11E-03
29.317,1.24E-03,2.69E-05
29.333,4.45E-04,-8.26E-04
29.35,-1.98E-04,-1.72E-03
29.367,-7.60E-04,-2.48E-03
29.383,-7.51E-04,-3.17E-03
29.4,-7.80E-04,-3.44E-03
29.417,-2.89E-04,-3.83E-03
29.433,-2.17E-04,-3.78E-03
29.45,-2.21E-04,-3.35E-03
29.467,-2.59E-04,-3.07E-03
29.483,-1.54E-04,-2.38E-03
29.5,-5.56E-05,-1.58E-03
29.517,5.14E-04,-5.66E-04
29.533,1.20E-03,3.83E-04
29.55,1.83E-03,1.37E-03
29.567,1.92E-03,2.32E-03
29.583,1.92E-03,3.17E-03
29.6,1.89E-03,4.01E-03
29.617,1.90E-03,4.60E-03
29.633,1.96E-03,4.83E-03
29.65,2.21E-03,4.82E-03
29.667,2.24E-03,4.73E-03
29.683,2.03E-03,4.17E-03
29.7,1.40E-03,3.59E-03
29.717,6.07E-04,2.80E-03
29.733,5.40E-05,1.91E-03
29.75,-4.36E-04,1.05E-03
29.767,-9.91E-04,9.94E-06
29.783,-1.40E-03,-9.48E-04
29.8,-1.85E-03,-1.82E-03
29.817,-2.30E-03,-2.59E-03
29.833,-2.90E-03,-3.27E-03
29.85,-3.25E-03,-3.84E-03
29.867,-3.20E-03,-4.06E-03
29.883,-3.05E-03,-4.05E-03
29.9,-2.50E-03,-4.04E-03
29.917,-2.17E-03,-3.55E-03
29.933,-2.10E-03,-3.13E-03
29.95,-1.68E-03,-2.43E-03
29.967,-1.54E-03,-1.26E-03
29.983,-9.74E-04,-3.64E-04
30,-2.27E-04,5.72E-04
30.017,5.39E-04,1.69E-03
30.033,1.27E-03,2.54E-03
30.05,1.80E-03,3.40E-03
30.067,2.17E-03,4.11E-03
30.083,2.28E-03,4.71E-03
30.1,2.62E-03,4.94E-03
30.117,2.92E-03,4.91E-03
30.133,3.37E-03,4.78E-03
30.15,3.43E-03,4.57E-03
30.167,3.25E-03,4.02E-03
30.183,2.82E-03,3.27E-03
30.2,2.17E-03,2.54E-03
30.217,1.75E-03,1.68E-03
30.233,1.22E-03,5.24E-04
30.25,7.78E-04,-3.70E-04
30.267,6.30E-04,-1.19E-03
30.283,3.71E-04,-1.92E-03
30.3,-1.36E-04,-2.62E-03
30.317,-3.73E-04,-3.17E-03
30.333,-7.22E-04,-3.31E-03
30.35,-7.83E-04,-3.32E-03
30.367,-8.02E-04,-3.29E-03
30.383,-4.70E-04,-3.01E-03
30.4,-2.33E-04,-2.52E-03
30.417,-2.03E-04,-1.79E-03
30.433,-2.41E-04,-1.04E-03
30.45,-3.35E-05,-2.03E-04
30.467,3.53E-04,9.68E-04
30.483,7.39E-04,1.81E-03
30.5,1.12E-03,2.55E-03
30.517,1.28E-03,3.31E-03
30.533,1.27E-03,3.93E-03
30.55,1.28E-03,4.20E-03
30.567,1.23E-03,4.27E-03
30.583,1.22E-03,4.22E-03
30.6,1.25E-03,4.03E-03
30.617,7.79E-04,3.58E-03
30.633,4.85E-04,2.80E-03
30.65,4.87E-05,2.03E-03
30.667,-7.18E-04,1.20E-03
30.683,-1.17E-03,3.23E-04
30.7,-1.70E-03,-5.23E-04
30.717,-2.13E-03,-1.27E-03
30.733,-2.41E-03,-1.99E-03
30.75,-2.40E-03,-2.66E-03
30.767,-2.49E-03,-3.28E-03
30.783,-2.65E-03,-3.55E-03
30.8,-2.93E-03,-3.80E-03
30.817,-2.95E-03,-3.86E-03
30.833,-2.55E-03,-3.43E-03
30.85,-2.02E-03,-3.09E-03
30.867,-1.60E-03,-2.52E-03
30.883,-1.09E-03,-1.72E-03
30.9,-6.66E-04,-8.48E-04
30.917,-3.49E-04,1.76E-04
30.933,4.15E-04,1.11E-03
30.95,1.04E-03,2.00E-03
30.967,1.79E-03,2.91E-03
30.983,2.45E-03,3.79E-03
31,2.89E-03,4.31E-03
31.017,3.30E-03,4.61E-03
31.033,3.42E-03,4.70E-03
31.05,3.41E-03,4.72E-03
31.067,3.29E-03,4.63E-03
31.083,3.31E-03,4.06E-03
31.1,3.19E-03,3.50E-03
31.117,2.90E-03,2.71E-03
31.133,2.30E-03,1.86E-03
31.15,1.55E-03,1.02E-03
31.167,1.14E-03,2.16E-04
31.183,7.09E-04,-6.37E-04
31.2,4.32E-04,-1.29E-03
31.217,4.02E-04,-1.92E-03
31.233,-1.29E-04,-2.51E-03
31.25,-2.18E-04,-3.05E-03
31.267,-3.77E-04,-3.22E-03
31.283,-7.92E-04,-3.22E-03
31.3,-8.57E-04,-2.91E-03
31.317,-8.49E-04,-2.50E-03
31.333,-7.00E-04,-1.83E-03
31.35,-2.38E-04,-1.11E-03
31.367,-1.34E-04,-3.72E-04
31.383,-8.73E-05,4.42E-04
31.4,-8.74E-05,1.23E-03
31.417,-3.92E-05,1.97E-03
31.433,1.27E-04,2.59E-03
31.45,5.22E-04,3.31E-03
31.467,8.15E-04,3.93E-03
31.483,1.06E-03,4.05E-03
31.5,8.29E-04,4.05E-03
31.517,5.84E-04,4.01E-03
31.533,5.04E-04,3.64E-03
31.55,2.22E-04,3.35E-03
31.567,-1.03E-04,2.61E-03
31.583,-5.08E-04,1.91E-03
31.6,-8.59E-04,1.15E-03
31.617,-1.17E-03,3.81E-04
31.633,-1.67E-03,-3.93E-04
31.65,-1.87E-03,-1.14E-03
31.667,-2.18E-03,-1.85E-03
31.683,-2.25E-03,-2.53E-03
31.7,-2.28E-03,-3.10E-03
31.717,-2.19E-03,-3.26E-03
31.733,-2.21E-03,-3.27E-03
31.75,-2.14E-03,-3.19E-03
31.767,-2.09E-03,-2.66E-03
31.783,-1.70E-03,-2.35E-03
31.8,-9.84E-04,-1.73E-03
31.817,-2.78E-04,-9.65E-04
31.833,5.17E-04,-2.22E-05
31.85,1.01E-03,1.03E-03
31.867,1.36E-03,1.82E-03
31.883,1.79E-03,2.56E-03
31.9,2.25E-03,3.29E-03
31.917,2.79E-03,4.02E-03
31.933,3.33E-03,4.26E-03
31.95,3.66E-03,4.60E-03
31.967,3.61E-03,4.70E-03
31.983,3.52E-03,4.74E-03
32,3.30E-03,4.21E-03
32.017,2.97E-03,3.90E-03
32.033,2.63E-03,3.23E-03
32.05,2.48E-03,2.52E-03
32.067,2.16E-03,1.76E-03
32.083,1.86E-03,8.11E-04
32.1,1.31E-03,-9.87E-05
32.117,5.52E-04,-9.25E-04
32.133,2.45E-06,-1.69E-03
32.15,-4.03E-04,-2.31E-03
32.167,-5.24E-04,-2.64E-03
32.183,-4.74E-04,-3.12E-03
32.2,-4.43E-04,-3.22E-03
32.217,-7.19E-04,-3.14E-03
32.233,-1.03E-03,-2.70E-03
32.25,-1.13E-03,-2.35E-03
32.267,-1.09E-03,-1.78E-03
32.283,-8.28E-04,-1.07E-03
32.3,-4.50E-04,-3.74E-04
32.317,-9.07E-05,3.97E-04
32.333,-2.12E-05,1.13E-03
32.35,4.81E-05,1.86E-03
32.367,-1.45E-05,2.49E-03
32.383,1.23E-04,3.10E-03
32.4,2.78E-04,3.42E-03
32.417,5.05E-04,3.74E-03
32.433,6.48E-04,3.85E-03
32.45,6.63E-04,3.74E-03
32.467,3.36E-04,3.42E-03
32.483,-8.98E-05,3.07E-03
32.5,-6.34E-04,2.53E-03
32.517,-9.25E-04,1.88E-03
32.533,-1.02E-03,1.12E-03
32.55,-1.00E-03,3.52E-04
32.567,-1.13E-03,-4.05E-04
32.583,-1.37E-03,-1.07E-03
32.6,-1.76E-03,-1.73E-03
32.617,-1.88E-03,-2.41E-03
32.633,-1.83E-03,-2.57E-03
32.65,-1.66E-03,-2.73E-03
32.667,-1.13E-03,-2.65E-03
32.683,-8.27E-04,-2.49E-03
32.7,-6.17E-04,-2.31E-03
32.717,-5.01E-04,-1.75E-03
32.733,-1.97E-04,-1.06E-03
32.75,2.73E-04,-3.51E-04
32.767,7.08E-04,3.87E-04
32.783,1.43E-03,1.20E-03
32.8,2.19E-03,1.94E-03
32.817,2.68E-03,2.64E-03
32.833,3.04E-03,3.27E-03
32.85,3.22E-03,3.94E-03
32.867,3.25E-03,4.21E-03
32.883,3.39E-03,4.53E-03
32.9,3.64E-03,4.60E-03
32.917,3.59E-03,4.50E-03
32.933,3.53E-03,4.11E-03
32.95,2.96E-03,3.51E-03
32.967,2.46E-03,2.86E-03
32.983,1.98E-03,2.05E-03
33,1.53E-03,1.24E-03
33.017,1.16E-03,3.44E-04
33.033,7.80E-04,-4.19E-04
33.05,4.61E-04,-1.13E-03
33.067,-9.47E-05,-1.86E-03
33.083,-6.98E-04,-2.44E-03
33.1,-1.12E-03,-2.67E-03
33.117,-1.47E-03,-2.92E-03
33.133,-1.51E-03,-2.79E-03
33.15,-1.51E-03,-2.64E-03
33.167,-1.53E-03,-2.44E-03
33.183,-1.55E-03,-1.84E-03
33.2,-1.74E-03,-1.20E-03
33.217,-1.72E-03,-5.79E-04
33.233,-1.59E-03,2.09E-04
33.25,-1.06E-03,9.91E-04
33.267,-6.35E-04,1.80E-03
33.283,-3.28E-04,2.44E-03
33.3,-1.81E-04,2.83E-03
33.317,-1.89E-04,3.38E-03
33.333,-8.00E-05,3.51E-03
33.35,-1.04E-04,3.95E-03
33.367,-4.05E-05,3.99E-03
33.383,-4.15E-05,3.80E-03
33.4,-5.48E-05,3.45E-03
33.417,-2.60E-04,2.83E-03
33.433,-4.55E-04,2.44E-03
33.45,-7.92E-04,1.85E-03
33.467,-1.01E-03,1.13E-03
33.483,-1.15E-03,3.69E-04
33.5,-1.10E-03,-3.61E-04
33.517,-9.76E-04,-1.01E-03
33.533,-9.74E-04,-1.68E-03
33.55,-1.02E-03,-2.03E-03
33.567,-1.18E-03,-2.38E-03
33.583,-1.38E-03,-2.49E-03
33.6,-1.32E-03,-2.51E-03
33.617,-9.99E-04,-2.38E-03
33.633,-3.85E-04,-1.89E-03
33.65,2.60E-05,-1.56E-03
33.667,4.47E-04,-9.82E-04
33.683,7.62E-04,-3.21E-04
33.7,1.19E-03,4.19E-04
33.717,1.74E-03,1.24E-03
33.733,2.25E-03,1.94E-03
33.75,2.73E-03,2.63E-03
33.767,3.29E-03,3.22E-03
33.783,3.46E-03,3.76E-03
33.8,3.44E-03,4.03E-03
33.817,3.43E-03,4.18E-03
33.833,3.37E-03,4.14E-03
33.85,3.23E-03,3.96E-03
33.867,3.02E-03,3.69E-03
33.883,2.90E-03,3.22E-03
33.9,2.55E-03,2.55E-03
33.917,2.03E-03,1.84E-03
33.933,1.31E-03,1.09E-03
33.95,5.05E-04,3.53E-04
33.967,1.35E-04,-3.81E-04
33.983,-2.91E-04,-1.09E-03
34,-3.22E-04,-1.79E-03
34.017,-7.49E-04,-2.35E-03
34.033,-1.16E-03,-2.58E-03
34.05,-1.52E-03,-2.67E-03
34.067,-2.09E-03,-2.63E-03
34.083,-2.35E-03,-2.55E-03
34.1,-2.33E-03,-2.35E-03
34.117,-2.08E-03,-1.83E-03
34.133,-1.74E-03,-1.22E-03
34.15,-1.36E-03,-5.84E-04
34.167,-1.41E-03,1.17E-04
34.183,-1.20E-03,9.40E-04
34.2,-9.38E-04,1.72E-03
34.217,-6.70E-04,2.29E-03
34.233,-2.97E-04,2.77E-03
34.25,5.97E-05,3.35E-03
34.267,1.13E-04,3.51E-03
34.283,-4.10E-05,3.50E-03
34.3,-8.77E-05,3.50E-03
34.317,-1.55E-04,3.36E-03
34.333,-1.92E-04,3.21E-03
34.35,-1.83E-04,2.66E-03
34.367,-1.84E-04,2.03E-03
34.383,-1.85E-04,1.31E-03
34.4,-1.94E-04,6.18E-04
34.417,-4.50E-04,-1.46E-04
34.433,-8.12E-04,-8.02E-04
34.45,-1.01E-03,-1.41E-03
34.467,-9.22E-04,-1.87E-03
34.483,-9.05E-04,-2.18E-03
34.5,-7.94E-04,-2.43E-03
34.517,-8.06E-04,-2.51E-03
34.533,-8.15E-04,-2.50E-03
34.55,-8.22E-04,-2.13E-03
34.567,-3.41E-04,-1.82E-03
34.583,3.20E-04,-1.18E-03
34.6,1.10E-03,-5.55E-04
34.617,1.46E-03,1.70E-04
34.633,1.91E-03,9.82E-04
34.65,2.20E-03,1.77E-03
34.667,2.26E-03,2.52E-03
34.683,2.59E-03,3.23E-03
34.7,2.89E-03,3.56E-03
34.717,3.07E-03,4.09E-03
34.733,3.18E-03,4.20E-03
34.75,3.28E-03,4.20E-03
34.767,3.24E-03,4.14E-03
34.783,2.70E-03,4.00E-03
34.8,2.21E-03,3.41E-03
34.817,1.93E-03,2.80E-03
34.833,1.84E-03,2.29E-03
34.85,1.40E-03,1.64E-03
34.867,1.03E-03,9.48E-04
34.883,4.28E-04,1.10E-04
34.9,-3.08E-04,-5.38E-04
34.917,-8.40E-04,-1.13E-03
34.933,-1.20E-03,-1.72E-03
34.95,-1.54E-03,-2.34E-03
34.967,-1.75E-03,-2.51E-03
34.983,-1.83E-03,-2.59E-03
35,-2.06E-03,-2.57E-03
35.017,-2.23E-03,-2.48E-03
35.033,-2.18E-03,-1.97E-03
35.05,-2.13E-03,-1.62E-03
35.067,-1.77E-03,-1.00E-03
35.083,-1.37E-03,-3.27E-04
35.1,-8.95E-04,3.98E-04
35.117,-6.54E-04,1.11E-03
35.133,-4.95E-04,1.84E-03
35.15,-2.21E-04,2.46E-03
35.167,-7.57E-05,2.79E-03
35.183,3.44E-04,3.37E-03
35.2,6.40E-04,3.52E-03
35.217,7.75E-04,3.77E-03
35.233,7.30E-04,3.88E-03
35.25,5.64E-04,3.48E-03
35.267,5.85E-04,3.18E-03
35.283,5.77E-04,2.63E-03
35.3,5.75E-04,2.03E-03
35.317,5.98E-04,1.29E-03
35.333,4.02E-04,5.39E-04
35.35,2.52E-04,-2.01E-04
35.367,3.45E-05,-7.97E-04
35.383,-1.43E-04,-1.34E-03
35.4,-3.54E-04,-1.86E-03
35.417,-2.60E-04,-2.04E-03
35.433,-2.95E-04,-2.31E-03
35.45,-2.76E-04,-2.39E-03
35.467,-1.56E-04,-2.40E-03
35.483,-6.78E-05,-1.97E-03
35.5,8.47E-05,-1.69E-03
35.517,5.05E-04,-1.14E-03
35.533,1.16E-03,-4.89E-04
35.55,1.46E-03,2.82E-04
35.567,1.99E-03,1.04E-03
35.583,2.33E-03,1.80E-03
35.6,2.49E-03,2.54E-03
35.617,2.57E-03,3.17E-03
35.633,2.60E-03,3.78E-03
35.65,2.75E-03,4.11E-03
35.667,2.74E-03,4.17E-03
35.683,2.80E-03,4.12E-03
35.7,2.68E-03,3.99E-03
35.717,2.24E-03,3.67E-03
35.733,1.82E-03,3.26E-03
35.75,1.38E-03,2.58E-03
35.767,1.12E-03,1.90E-03
35.783,6.05E-04,1.14E-03
35.8,3.03E-04,4.03E-04
35.817,-1.57E-04,-3.46E-04
35.833,-8.58E-04,-1.06E-03
35.85,-1.58E-03,-1.76E-03
35.867,-2.14E-03,-2.34E-03
35.883,-2.45E-03,-2.61E-03
35.9,-2.41E-03,-2.74E-03
35.917,-2.45E-03,-2.71E-03
35.933,-2.38E-03,-2.64E-03
35.95,-2.30E-03,-2.44E-03
35.967,-2.40E-03,-1.83E-03
35.983,-2.06E-03,-1.21E-03
36,-1.87E-03,-5.25E-04
36.017,-1.09E-03,2.65E-04
36.033,-7.79E-04,1.10E-03
36.05,-3.17E-04,1.85E-03
36.067,-7.78E-06,2.57E-03
36.083,1.21E-04,3.18E-03
36.1,3.16E-04,3.75E-03
36.117,5.64E-04,4.15E-03
36.133,8.69E-04,4.28E-03
36.15,1.03E-03,4.21E-03
36.167,1.43E-03,4.06E-03
36.183,1.44E-03,3.55E-03
36.2,1.42E-03,3.26E-03
36.217,1.25E-03,2.63E-03
36.233,1.04E-03,1.93E-03
36.25,7.49E-04,1.20E-03
36.267,6.44E-04,4.47E-04
36.283,4.35E-04,-3.06E-04
36.3,3.09E-04,-1.01E-03
36.317,6.10E-05,-1.63E-03
36.333,-3.44E-04,-1.89E-03
36.35,-3.78E-04,-2.41E-03
36.367,-3.46E-04,-2.56E-03
36.383,-1.41E-04,-2.56E-03
36.4,1.90E-04,-2.35E-03
36.417,4.99E-04,-1.89E-03
36.433,6.50E-04,-1.39E-03
36.45,7.43E-04,-9.02E-04
36.467,1.05E-03,-2.37E-04
36.483,1.50E-03,4.88E-04
36.5,1.73E-03,1.31E-03
36.517,1.99E-03,1.96E-03
36.533,2.12E-03,2.53E-03
36.55,2.14E-03,3.13E-03
36.567,2.12E-03,3.68E-03
36.583,2.11E-03,3.96E-03
36.6,2.10E-03,4.00E-03
36.617,2.05E-03,4.01E-03
36.633,1.92E-03,3.79E-03
36.65,1.79E-03,3.31E-03
36.667,1.38E-03,2.69E-03
36.683,7.22E-04,2.08E-03
36.7,2.78E-04,1.32E-03
36.717,-2.64E-04,5.00E-04
36.733,-7.26E-04,-3.46E-04
36.75,-1.06E-03,-9.88E-04
36.767,-1.54E-03,-1.69E-03
36.783,-1.84E-03,-2.09E-03
36.8,-2.28E-03,-2.58E-03
36.817,-2.55E-03,-2.74E-03
36.833,-2.64E-03,-3.04E-03
36.85,-2.59E-03,-2.77E-03
36.867,-2.43E-03,-2.58E-03
36.883,-2.10E-03,-2.35E-03
36.9,-1.77E-03,-1.75E-03
36.917,-1.40E-03,-1.07E-03
36.933,-1.12E-03,-3.36E-04
36.95,-8.93E-04,4.26E-04
36.967,-5.80E-04,1.16E-03
36.983,-1.57E-04,1.89E-03
37,4.15E-04,2.61E-03
37.017,1.05E-03,3.23E-03
37.033,1.27E-03,3.78E-03
37.05,1.31E-03,4.02E-03
37.067,1.30E-03,4.05E-03
37.083,1.57E-03,4.03E-03
37.1,1.76E-03,3.93E-03
37.117,1.98E-03,3.47E-03
37.133,1.91E-03,2.86E-03
37.15,1.86E-03,2.35E-03
37.167,1.45E-03,1.71E-03
37.183,1.13E-03,1.05E-03
37.2,6.76E-04,3.24E-04
37.217,5.35E-04,-4.01E-04
37.233,4.99E-04,-1.07E-03
37.25,3.34E-04,-1.71E-03
37.267,3.76E-04,-1.89E-03
37.283,9.83E-05,-2.26E-03
37.3,-1.76E-05,-2.42E-03
37.317,-2.87E-05,-2.40E-03
37.333,8.81E-05,-1.95E-03
37.35,4.35E-04,-1.66E-03
37.367,8.37E-04,-1.11E-03
37.383,1.14E-03,-4.22E-04
37.4,1.28E-03,3.32E-04
37.417,1.26E-03,1.07E-03
37.433,1.28E-03,1.82E-03
37.45,1.43E-03,2.55E-03
37.467,1.81E-03,3.18E-03
37.483,1.97E-03,3.44E-03
37.5,2.03E-03,3.92E-03
37.517,1.91E-03,4.04E-03
37.533,1.75E-03,4.05E-03
37.55,1.55E-03,3.94E-03
37.567,1.31E-03,3.41E-03
37.583,1.14E-03,3.11E-03
37.6,8.15E-04,2.56E-03
37.617,4.13E-04,1.85E-03
37.633,-1.16E-04,1.11E-03
37.65,-8.35E-04,3.90E-04
37.667,-1.55E-03,-3.46E-04
37.683,-2.11E-03,-1.06E-03
37.7,-2.32E-03,-1.75E-03
37.717,-2.27E-03,-2.29E-03
37.733,-2.29E-03,-2.57E-03
37.75,-2.29E-03,-2.64E-03
37.767,-2.31E-03,-2.61E-03
37.783,-2.33E-03,-2.50E-03
37.8,-2.38E-03,-2.02E-03
37.817,-1.89E-03,-1.67E-03
37.833,-1.35E-03,-1.01E-03
37.85,-8.60E-04,-3.52E-04
37.867,-2.56E-04,3.77E-04
37.883,1.17E-05,1.13E-03
37.9,2.51E-04,1.89E-03
37.917,5.44E-04,2.60E-03
37.933,8.82E-04,3.20E-03
37.95,1.34E-03,3.78E-03
37.967,1.95E-03,4.07E-03
37.983,2.46E-03,4.10E-03
38,2.65E-03,4.09E-03
38.017,2.69E-03,4.06E-03
38.033,2.28E-03,3.77E-03
38.05,2.01E-03,3.32E-03
38.067,1.96E-03,2.62E-03
38.083,1.98E-03,1.99E-03
38.1,2.00E-03,1.21E-03
38.117,1.55E-03,5.02E-04
38.133,9.99E-04,-2.48E-04
38.15,6.23E-04,-8.49E-04
38.167,2.89E-04,-1.26E-03
38.183,2.89E-04,-1.82E-03
38.2,3.32E-04,-2.00E-03
38.217,4.74E-04,-2.10E-03
38.233,4.88E-04,-2.00E-03
38.25,5.08E-04,-1.78E-03
38.267,3.99E-04,-1.67E-03
38.283,3.70E-04,-1.08E-03
38.3,4.16E-04,-4.69E-04
38.317,6.50E-04,1.95E-04
38.333,1.07E-03,9.42E-04
38.35,1.40E-03,1.63E-03
38.367,1.38E-03,2.10E-03
38.383,1.37E-03,2.61E-03
38.4,1.20E-03,3.25E-03
38.417,1.24E-03,3.39E-03
38.433,1.34E-03,3.53E-03
38.45,1.52E-03,3.51E-03
38.467,1.50E-03,3.43E-03
38.483,1.29E-03,3.22E-03
38.5,7.77E-04,2.77E-03
38.517,3.03E-04,2.40E-03
38.533,-1.25E-04,1.83E-03
38.55,-4.95E-04,1.15E-03
38.567,-6.87E-04,4.04E-04
38.583,-9.25E-04,-2.98E-04
38.6,-1.36E-03,-9.28E-04
38.617,-1.72E-03,-1.32E-03
38.633,-2.12E-03,-1.82E-03
38.65,-2.39E-03,-2.08E-03
38.667,-2.38E-03,-2.39E-03
38.683,-2.08E-03,-2.48E-03
38.7,-1.72E-03,-2.47E-03
38.717,-1.39E-03,-1.96E-03
38.733,-1.43E-03,-1.68E-03
38.75,-1.17E-03,-1.10E-03
38.767,-9.42E-04,-4.47E-04
38.783,-4.46E-04,3.15E-04
38.8,3.25E-04,1.06E-03
38.817,1.13E-03,1.78E-03
38.833,1.49E-03,2.40E-03
38.85,1.88E-03,2.97E-03
38.867,2.17E-03,3.43E-03
38.883,2.17E-03,4.00E-03
38.9,2.51E-03,4.12E-03
38.917,2.89E-03,4.11E-03
38.933,3.00E-03,4.09E-03
38.95,3.29E-03,3.95E-03
38.967,3.30E-03,3.38E-03
38.983,2.82E-03,3.01E-03
39,2.24E-03,2.53E-03
39.017,1.90E-03,1.89E-03
39.033,1.73E-03,1.16E-03
39.05,1.77E-03,4.39E-04
39.067,1.80E-03,-3.11E-04
39.083,1.40E-03,-9.12E-04
39.1,1.06E-03,-1.18E-03
39.117,5.36E-04,-1.70E-03
39.133,1.37E-04,-1.82E-03
39.15,7.02E-05,-1.84E-03
39.167,1.45E-04,-1.83E-03
39.183,4.04E-04,-1.68E-03
39.2,4.57E-04,-1.15E-03
39.217,4.63E-04,-8.13E-04
39.233,2.44E-04,-3.54E-04
39.25,3.51E-04,3.31E-04
39.267,3.76E-04,1.06E-03
39.283,5.90E-04,1.65E-03
39.3,8.29E-04,2.10E-03
39.317,1.25E-03,2.51E-03
39.333,1.28E-03,2.76E-03
39.35,1.28E-03,3.20E-03
39.367,1.06E-03,3.28E-03
39.383,6.71E-04,3.29E-03
39.4,4.62E-04,3.27E-03
39.417,4.43E-04,2.81E-03
39.433,2.89E-04,2.48E-03
39.45,-6.47E-06,1.89E-03
39.467,-3.10E-04,1.36E-03
39.483,-8.66E-04,9.06E-04
39.5,-1.32E-03,2.82E-04
39.517,-1.71E-03,-3.48E-04
39.533,-1.68E-03,-9.76E-04
39.55,-1.56E-03,-1.25E-03
39.567,-1.58E-03,-1.75E-03
39.583,-1.58E-03,-1.88E-03
39.6,-1.76E-03,-1.95E-03
39.617,-1.74E-03,-1.83E-03
39.633,-1.73E-03,-1.74E-03
39.65,-1.23E-03,-1.31E-03
39.667,-8.08E-04,-1.01E-03
39.683,-2.05E-04,-4.24E-04
39.7,1.14E-04,1.87E-04
39.717,4.71E-04,7.57E-04
39.733,8.55E-04,1.39E-03
39.75,1.17E-03,1.97E-03
39.767,1.81E-03,2.55E-03
39.783,2.54E-03,3.16E-03
39.8,2.91E-03,3.42E-03
39.817,3.26E-03,3.85E-03
39.833,3.30E-03,4.04E-03
39.85,3.32E-03,4.04E-03
39.867,3.05E-03,3.92E-03
39.883,2.91E-03,3.45E-03
39.9,2.87E-03,3.20E-03
39.917,2.86E-03,2.62E-03
39.933,2.66E-03,2.04E-03
39.95,2.24E-03,1.37E-03
39.967,1.77E-03,8.53E-04
39.983,1.36E-03,2.95E-04
40,1.09E-03,-3.34E-04
40.017,1.13E-03,-9.26E-04
40.033,7.32E-04,-1.17E-03
40.05,5.02E-04,-1.59E-03
40.067,3.78E-05,-1.72E-03
40.083,-1.52E-04,-1.75E-03
40.1,-3.69E-04,-1.69E-03
40.117,-4.17E-04,-1.28E-03
40.133,-3.47E-04,-1.03E-03
40.15,-1.40E-04,-4.74E-04
40.167,-7.76E-05,-1.48E-04
40.183,7.41E-05,3.85E-04
40.2,2.30E-05,9.96E-04
40.217,-4.81E-06,1.63E-03
40.233,-1.81E-05,1.96E-03
40.25,2.42E-04,2.44E-03
40.267,5.08E-04,2.69E-03
40.283,7.46E-04,2.92E-03
40.3,6.97E-04,3.20E-03
40.317,3.51E-04,3.24E-03
40.333,-7.59E-05,3.10E-03
40.35,-4.09E-04,2.65E-03
40.367,-3.60E-04,2.46E-03
40.383,-3.44E-04,1.95E-03
40.4,-3.66E-04,1.33E-03
40.417,-5.77E-04,8.68E-04
40.433,-9.73E-04,3.76E-04
40.45,-1.08E-03,-2.72E-04
40.467,-1.29E-03,-5.96E-04
40.483,-1.39E-03,-9.86E-04
40.5,-1.42E-03,-1.32E-03
40.517,-1.20E-03,-1.61E-03
40.533,-1.04E-03,-1.68E-03
40.55,-9.14E-04,-1.65E-03
40.567,-9.66E-04,-1.21E-03
40.583,-9.33E-04,-1.04E-03
40.6,-4.46E-04,-4.65E-04
40.617,3.56E-04,-2.85E-04
40.633,1.09E-03,3.70E-04
40.65,1.81E-03,1.06E-03
40.667,2.17E-03,1.74E-03
40.683,2.15E-03,2.27E-03
40.7,2.27E-03,2.64E-03
40.717,2.47E-03,3.28E-03
40.733,2.84E-03,3.40E-03
40.75,3.29E-03,3.82E-03
40.767,3.50E-03,3.98E-03
40.783,3.47E-03,3.99E-03
40.8,3.31E-03,3.84E-03
40.817,2.85E-03,3.42E-03
40.833,2.68E-03,3.24E-03
40.85,2.60E-03,2.60E-03
40.867,2.58E-03,1.98E-03
40.883,2.60E-03,1.33E-03
40.9,2.49E-03,8.02E-04
40.917,1.98E-03,3.63E-04
40.933,1.20E-03,-3.05E-04
40.95,5.37E-04,-5.69E-04
40.967,3.21E-05,-1.00E-03
40.983,-1.85E-04,-1.12E-03
41,-1.82E-04,-1.24E-03
41.017,-1.84E-04,-1.19E-03
41.033,-2.99E-04,-1.08E-03
41.05,-4.00E-04,-9.91E-04
41.067,-7.59E-04,-5.94E-04
41.083,-7.30E-04,-2.72E-04
41.1,-3.30E-04,3.32E-04
41.117,4.98E-05,6.55E-04
41.133,4.05E-04,1.16E-03
41.15,4.84E-04,1.77E-03
41.167,2.90E-04,2.05E-03
41.183,-8.65E-05,2.50E-03
41.2,-1.27E-04,2.74E-03
41.217,-1.28E-05,3.04E-03
41.233,1.55E-04,3.17E-03
41.25,3.43E-04,3.21E-03
41.267,4.50E-04,3.00E-03
41.283,4.22E-04,2.70E-03
41.3,4.24E-05,2.54E-03
41.317,-2.98E-04,1.97E-03
41.333,-2.56E-04,1.62E-03
41.35,-2.28E-04,1.17E-03
41.367,-2.32E-04,5.15E-04
41.383,-2.48E-04,-6.78E-05
41.4,-4.44E-04,-4.14E-04
41.417,-6.13E-04,-8.86E-04
41.433,-7.27E-04,-1.05E-03
41.45,-7.51E-04,-1.09E-03
41.467,-4.34E-04,-1.14E-03
41.483,-1.03E-04,-1.10E-03
41.5,2.95E-04,-1.05E-03
41.517,5.39E-04,-6.08E-04
41.533,7.77E-04,-3.05E-04
41.55,1.17E-03,2.86E-04
41.567,1.45E-03,7.06E-04
41.583,2.03E-03,1.25E-03
41.6,2.44E-03,1.85E-03
41.617,2.84E-03,2.47E-03
41.633,2.94E-03,2.75E-03
41.65,2.92E-03,3.21E-03
41.667,2.90E-03,3.40E-03
41.683,2.99E-03,3.57E-03
41.7,3.20E-03,3.67E-03
41.717,3.30E-03,3.71E-03
41.733,3.41E-03,3.41E-03
41.75,3.22E-03,3.23E-03
41.767,2.82E-03,2.67E-03
41.783,2.56E-03,2.37E-03
41.8,2.10E-03,1.87E-03
41.817,1.82E-03,1.22E-03
41.833,1.38E-03,5.79E-04
41.85,1.05E-03,1.42E-04
41.867,5.58E-04,-3.33E-04
41.883,-3.23E-05,-7.31E-04
41.9,-3.58E-04,-9.92E-04
41.917,-5.14E-04,-1.10E-03
41.933,-7.47E-04,-1.24E-03
41.95,-8.20E-04,-1.21E-03
41.967,-8.68E-04,-1.05E-03
41.983,-8.70E-04,-1.00E-03
42,-8.75E-04,-7.84E-04
42.017,-9.17E-04,-3.73E-04
42.033,-9.15E-04,9.16E-05
42.05,-9.19E-04,5.39E-04
42.067,-7.70E-04,1.10E-03
42.083,-4.84E-04,1.67E-03
42.1,-2.65E-04,1.96E-03
42.117,-2.58E-04,2.45E-03
42.133,-1.12E-04,2.68E-03
42.15,-1.04E-04,2.79E-03
42.167,2.85E-06,2.90E-03
42.183,2.76E-04,3.08E-03
42.2,3.90E-04,2.79E-03
42.217,4.42E-04,2.58E-03
42.233,4.50E-04,2.41E-03
42.25,3.43E-04,1.97E-03
42.267,3.32E-04,1.67E-03
42.283,3.31E-04,1.17E-03
42.3,3.40E-04,5.43E-04
42.317,3.72E-04,2.49E-04
42.333,3.86E-04,-2.92E-04
42.35,3.95E-04,-4.32E-04
42.367,4.02E-04,-8.38E-04
42.383,3.78E-04,-1.02E-03
42.4,4.25E-04,-1.03E-03
42.417,7.31E-04,-1.04E-03
42.433,1.06E-03,-8.42E-04
42.45,1.45E-03,-4.68E-04
42.467,1.49E-03,-1.50E-04
42.483,1.61E-03,3.08E-04
42.5,1.89E-03,9.25E-04
42.517,2.33E-03,1.26E-03
42.533,2.79E-03,1.84E-03
42.55,2.87E-03,2.43E-03
42.567,3.00E-03,2.71E-03
42.583,2.95E-03,3.18E-03
42.6,2.91E-03,3.36E-03
42.617,2.90E-03,3.50E-03
42.633,2.90E-03,3.45E-03
42.65,2.83E-03,3.36E-03
42.667,2.87E-03,3.20E-03
42.683,2.84E-03,2.87E-03
42.7,2.62E-03,2.52E-03
42.717,2.01E-03,2.01E-03
42.733,1.40E-03,1.58E-03
42.75,8.60E-04,1.09E-03
42.767,4.69E-04,4.36E-04
42.783,5.11E-04,4.38E-06
42.8,-1.93E-06,-3.84E-04
42.817,-2.33E-04,-7.36E-04
42.833,-7.68E-04,-1.01E-03
42.85,-1.09E-03,-1.05E-03
42.867,-1.35E-03,-1.12E-03
42.883,-1.42E-03,-1.12E-03
42.9,-1.25E-03,-1.05E-03
42.917,-9.87E-04,-9.41E-04
42.933,-9.80E-04,-4.78E-04
42.95,-8.95E-04,-2.05E-04
42.967,-9.52E-04,3.74E-04
42.983,-9.23E-04,1.02E-03
43,-8.21E-04,1.33E-03
43.017,-3.52E-04,1.86E-03
43.033,3.56E-05,2.34E-03
43.05,1.46E-04,2.63E-03
43.067,4.02E-04,3.03E-03
43.083,5.67E-04,3.31E-03
43.1,5.04E-04,3.31E-03
43.117,5.65E-04,3.32E-03
43.133,6.38E-04,3.21E-03
43.15,8.08E-04,2.77E-03
43.167,7.38E-04,2.51E-03
43.183,8.01E-04,1.99E-03
43.2,6.12E-04,1.76E-03
43.217,3.66E-04,1.16E-03
43.233,7.48E-05,7.88E-04
43.25,3.08E-06,4.23E-04
43.267,3.30E-04,-1.56E-04
43.283,4.47E-04,-3.78E-04
43.3,5.41E-04,-5.03E-04
43.317,5.19E-04,-7.67E-04
43.333,4.89E-04,-5.83E-04
43.35,5.34E-04,-3.84E-04
43.367,7.13E-04,-3.01E-04
43.383,1.17E-03,-1.82E-04
43.4,1.56E-03,3.22E-04
43.417,1.99E-03,6.09E-04
43.433,2.15E-03,1.15E-03
43.45,2.16E-03,1.78E-03
43.467,2.14E-03,2.36E-03
43.483,2.13E-03,2.65E-03
43.5,2.28E-03,3.12E-03
43.517,2.72E-03,3.42E-03
43.533,3.22E-03,3.54E-03
43.55,3.28E-03,3.80E-03
43.567,3.09E-03,3.89E-03
43.583,2.53E-03,3.71E-03
43.6,2.21E-03,3.44E-03
43.617,1.89E-03,3.27E-03
43.633,1.92E-03,2.66E-03
43.65,1.75E-03,2.10E-03
43.667,1.36E-03,1.67E-03
43.683,7.73E-04,1.13E-03
43.7,8.64E-05,4.87E-04
43.717,-6.77E-04,-1.60E-05
43.733,-1.01E-03,-3.26E-04
43.75,-1.07E-03,-6.57E-04
43.767,-1.12E-03,-9.85E-04
43.783,-9.03E-04,-1.10E-03
43.8,-9.22E-04,-1.17E-03
43.817,-1.22E-03,-1.05E-03
43.833,-1.48E-03,-9.97E-04
43.85,-1.51E-03,-6.04E-04
43.867,-1.43E-03,-2.87E-04
43.883,-9.27E-04,3.17E-04
43.9,-3.89E-04,8.15E-04
43.917,-1.79E-04,1.26E-03
43.933,-2.11E-04,1.85E-03
43.95,-2.40E-04,2.37E-03
43.967,-1.06E-04,2.72E-03
43.983,3.02E-04,3.21E-03
44,9.10E-04,3.38E-03
44.017,1.31E-03,3.46E-03
44.033,1.61E-03,3.41E-03
44.05,1.53E-03,3.38E-03
44.067,1.35E-03,3.27E-03
44.083,1.15E-03,2.95E-03
44.1,1.18E-03,2.62E-03
44.117,1.20E-03,2.35E-03
44.133,1.28E-03,1.91E-03
44.15,1.28E-03,1.26E-03
44.167,1.07E-03,9.84E-04
44.183,6.95E-04,4.45E-04
44.2,4.94E-04,-1.26E-04
44.217,5.33E-04,-3.57E-04
44.233,8.11E-04,-4.80E-04
44.25,1.27E-03,-6.27E-04
44.267,1.42E-03,-5.21E-04
44.283,1.40E-03,-3.53E-04
44.3,1.31E-03,-2.99E-04
44.317,1.16E-03,-8.09E-05
44.333,1.19E-03,4.03E-04
44.35,1.58E-03,1.03E-03
44.367,1.88E-03,1.39E-03
44.383,2.25E-03,1.88E-03
44.4,2.34E-03,2.48E-03
44.417,2.22E-03,2.75E-03
44.433,2.21E-03,3.20E-03
44.45,2.17E-03,3.40E-03
44.467,2.28E-03,3.48E-03
44.483,2.55E-03,3.45E-03
44.5,2.68E-03,3.41E-03
44.517,2.51E-03,3.27E-03
44.533,1.94E-03,3.15E-03
44.55,1.18E-03,2.66E-03
44.567,5.36E-04,2.26E-03
44.583,1.06E-04,1.83E-03
44.6,-1.18E-04,1.19E-03
44.617,-1.40E-04,5.71E-04
44.633,-3.14E-04,1.05E-04
44.65,-7.72E-04,-3.67E-04
44.667,-1.39E-03,-8.91E-04
44.683,-1.76E-03,-1.11E-03
44.7,-1.88E-03,-1.42E-03
44.717,-1.69E-03,-1.55E-03
44.733,-1.49E-03,-1.64E-03
44.75,-1.40E-03,-1.34E-03
44.767,-1.44E-03,-1.06E-03
44.783,-1.49E-03,-5.32E-04
44.8,-1.65E-03,-2.16E-04
44.817,-1.53E-03,3.60E-04
44.833,-1.12E-03,1.01E-03
44.85,-2.41E-04,1.61E-03
44.867,5.03E-04,2.04E-03
44.883,1.10E-03,2.56E-03
44.9,1.27E-03,3.12E-03
44.917,1.25E-03,3.37E-03
44.933,1.25E-03,3.80E-03
44.95,1.46E-03,3.92E-03
44.967,2.01E-03,3.96E-03
44.983,2.32E-03,3.80E-03
45,2.22E-03,3.49E-03
45.017,2.02E-03,3.29E-03
45.033,1.72E-03,2.68E-03
45.05,1.40E-03,2.42E-03
45.067,1.33E-03,1.90E-03
45.083,1.26E-03,1.24E-03
45.1,1.53E-03,6.42E-04
45.117,1.77E-03,2.73E-04
45.133,1.77E-03,-2.41E-04
45.15,1.35E-03,-4.06E-04
45.167,1.17E-03,-5.02E-04
45.183,1.02E-03,-4.75E-04
45.2,1.23E-03,-4.47E-04
45.217,1.35E-03,-3.43E-04
45.233,1.45E-03,-2.63E-04
45.25,1.57E-03,3.04E-04
45.267,1.46E-03,5.81E-04
45.283,1.33E-03,1.14E-03
45.3,1.33E-03,1.76E-03
45.317,1.50E-03,2.08E-03
45.333,2.00E-03,2.53E-03
45.35,2.61E-03,2.82E-03
45.367,2.84E-03,3.25E-03
45.383,2.71E-03,3.39E-03
45.4,2.33E-03,3.52E-03
45.417,1.87E-03,3.47E-03
45.433,1.56E-03,3.40E-03
45.45,1.31E-03,3.15E-03
45.467,1.16E-03,2.93E-03
45.483,1.15E-03,2.55E-03
45.5,7.61E-04,2.00E-03
45.517,7.11E-05,1.55E-03
45.533,-4.23E-04,1.06E-03
45.55,-8.40E-04,4.30E-04
45.567,-1.05E-03,-1.28E-04
45.583,-1.02E-03,-4.71E-04
45.6,-1.01E-03,-9.90E-04
45.617,-1.00E-03,-1.13E-03
45.633,-1.02E-03,-1.21E-03
45.65,-1.39E-03,-1.17E-03
45.667,-1.79E-03,-1.09E-03
45.683,-1.71E-03,-9.55E-04
45.7,-1.43E-03,-4.63E-04
45.717,-1.08E-03,-1.99E-04
45.733,-5.00E-04,3.55E-04
45.75,3.67E-05,9.74E-04
45.767,3.85E-04,1.34E-03
45.783,6.81E-04,1.88E-03
45.8,9.84E-04,2.48E-03
45.817,1.22E-03,3.05E-03
45.833,1.73E-03,3.33E-03
45.85,2.15E-03,3.50E-03
45.867,2.55E-03,3.76E-03
45.883,2.76E-03,3.87E-03
45.9,2.73E-03,3.92E-03
45.917,2.57E-03,3.60E-03
45.933,2.23E-03,3.30E-03
45.95,2.15E-03,2.86E-03
45.967,2.15E-03,2.48E-03
45.983,2.26E-03,1.85E-03
46,2.23E-03,1.37E-03
46.017,2.03E-03,9.31E-04
46.033,1.80E-03,4.03E-04
46.05,1.52E-03,1.45E-04
46.067,1.44E-03,-2.74E-04
46.083,1.43E-03,-3.43E-04
46.1,1.41E-03,-4.53E-04
46.117,1.44E-03,-4.28E-04
46.133,1.29E-03,-3.80E-04
46.15,1.13E-03,-2.86E-04
46.167,1.03E-03,8.95E-05
46.183,1.11E-03,4.57E-04
46.2,1.32E-03,1.06E-03
46.217,1.47E-03,1.32E-03
46.233,1.79E-03,1.87E-03
46.25,1.96E-03,2.27E-03
46.267,2.02E-03,2.62E-03
46.283,2.04E-03,3.02E-03
46.3,1.94E-03,3.31E-03
46.317,1.93E-03,3.37E-03
46.333,1.87E-03,3.39E-03
46.35,1.73E-03,3.38E-03
46.367,1.30E-03,3.27E-03
46.383,7.70E-04,3.09E-03
46.4,4.12E-04,2.66E-03
46.417,2.42E-04,2.16E-03
46.433,8.92E-05,1.89E-03
46.45,-8.49E-06,1.23E-03
46.467,-1.11E-04,6.23E-04
46.483,-1.09E-04,5.53E-04
46.5,-3.82E-04,3.05E-04
46.517,-7.59E-04,-2.97E-04
46.533,-1.03E-03,-4.69E-04
46.55,-1.09E-03,-8.70E-04
46.567,-9.74E-04,-1.04E-03
46.583,-9.40E-04,-1.06E-03
46.6,-9.54E-04,-1.03E-03
46.617,-9.33E-04,-8.55E-04
46.633,-9.36E-04,-4.64E-04
46.65,-7.41E-04,-1.89E-04
46.667,-3.12E-04,2.93E-04
46.683,3.24E-04,9.24E-04
46.7,1.13E-03,1.27E-03
46.717,1.55E-03,1.81E-03
46.733,1.86E-03,2.42E-03
46.75,2.06E-03,2.80E-03
46.767,2.16E-03,3.23E-03
46.783,2.21E-03,3.44E-03
46.8,2.61E-03,3.78E-03
46.817,2.82E-03,3.90E-03
46.833,2.94E-03,3.94E-03
46.85,2.93E-03,3.83E-03
46.867,2.85E-03,3.47E-03
46.883,2.70E-03,3.24E-03
46.9,2.63E-03,2.64E-03
46.917,2.60E-03,2.28E-03
46.933,2.62E-03,1.88E-03
46.95,2.58E-03,1.22E-03
46.967,2.50E-03,7.01E-04
46.983,2.14E-03,4.41E-04
47,1.80E-03,1.16E-04
47.017,1.45E-03,-2.32E-04
47.033,1.18E-03,-3.07E-04
47.05,1.08E-03,-3.35E-04
47.067,1.13E-03,-3.44E-04
47.083,1.18E-03,-3.18E-04
47.1,1.26E-03,1.05E-04
47.117,1.25E-03,3.91E-04
47.133,1.26E-03,6.95E-04
47.15,1.34E-03,1.19E-03
47.167,1.37E-03,1.77E-03
47.183,1.46E-03,1.98E-03
47.2,1.43E-03,2.56E-03
47.217,1.42E-03,2.66E-03
47.233,1.41E-03,3.06E-03
47.25,1.40E-03,3.32E-03
47.267,1.35E-03,3.33E-03
47.283,1.14E-03,3.32E-03
47.3,8.34E-04,3.33E-03
47.317,4.84E-04,3.15E-03
47.333,4.85E-04,2.70E-03
47.35,4.51E-04,2.45E-03
47.367,3.40E-04,1.91E-03
47.383,8.91E-05,1.36E-03
47.4,-2.97E-04,1.04E-03
47.417,-4.16E-04,4.28E-04
47.433,-6.07E-04,1.70E-04
47.45,-7.62E-04,-2.76E-04
47.467,-9.05E-04,-3.90E-04
47.483,-9.50E-04,-5.02E-04
47.5,-9.46E-04,-5.72E-04
47.517,-8.25E-04,-4.45E-04
47.533,-6.59E-04,-3.04E-04
47.55,-3.23E-04,-2.02E-04
47.567,-1.31E-04,2.75E-04
47.583,2.31E-04,5.00E-04
47.6,6.75E-04,1.08E-03
47.617,1.20E-03,1.34E-03
47.633,1.82E-03,1.86E-03
47.65,2.18E-03,2.47E-03
47.667,2.32E-03,2.71E-03
47.683,2.48E-03,3.21E-03
47.7,2.71E-03,3.42E-03
47.717,2.86E-03,3.82E-03
47.733,2.94E-03,3.93E-03
47.75,3.08E-03,3.96E-03
47.767,2.97E-03,3.81E-03
47.783,2.95E-03,3.41E-03
47.8,3.05E-03,3.28E-03
47.817,3.00E-03,2.75E-03
47.833,2.78E-03,2.51E-03
47.85,2.65E-03,1.95E-03
47.867,2.49E-03,1.54E-03
47.883,2.20E-03,1.14E-03
47.9,2.07E-03,5.24E-04
47.917,1.84E-03,3.65E-04
47.933,1.37E-03,5.30E-05
47.95,1.07E-03,-2.37E-04
47.967,8.08E-04,-2.94E-04
47.983,6.91E-04,-3.22E-04
48,6.81E-04,-3.28E-04
48.017,6.32E-04,-1.83E-04
48.033,5.80E-04,1.37E-04
48.05,5.85E-04,4.15E-04
48.067,5.84E-04,9.14E-04
48.083,5.83E-04,1.18E-03
48.1,5.82E-04,1.76E-03
48.117,5.83E-04,1.92E-03
48.133,5.14E-04,2.35E-03
48.15,5.77E-04,2.54E-03
48.167,5.66E-04,2.65E-03
48.183,5.67E-04,2.72E-03
48.2,5.61E-04,2.72E-03
48.217,3.83E-04,2.67E-03
48.233,2.29E-04,2.56E-03
48.25,1.31E-04,2.42E-03
48.267,-1.01E-04,1.98E-03
48.283,-1.54E-04,1.75E-03
48.3,-2.97E-04,1.26E-03
48.317,-3.58E-04,1.03E-03
48.333,-4.34E-04,5.29E-04
48.35,-7.11E-04,2.80E-04
48.367,-7.88E-04,-1.35E-04
48.383,-8.50E-04,-3.66E-04
48.4,-8.57E-04,-4.61E-04
48.417,-8.44E-04,-4.86E-04
48.433,-6.37E-04,-4.54E-04
48.45,-4.93E-04,-3.82E-04
48.467,-2.32E-04,-3.04E-04
48.483,1.05E-04,8.01E-05
48.5,4.19E-04,3.96E-04
48.517,7.42E-04,7.76E-04
48.533,1.30E-03,1.18E-03
48.55,1.79E-03,1.77E-03
48.567,2.07E-03,1.99E-03
48.583,2.18E-03,2.51E-03
48.6,2.50E-03,3.00E-03
48.617,2.73E-03,3.31E-03
48.633,2.87E-03,3.43E-03
48.65,2.97E-03,3.44E-03
48.667,3.18E-03,3.40E-03
48.683,3.22E-03,3.38E-03
48.7,3.25E-03,3.26E-03
48.717,3.27E-03,3.16E-03
48.733,3.01E-03,2.83E-03
48.75,2.74E-03,2.47E-03
48.767,2.73E-03,1.94E-03
48.783,2.57E-03,1.68E-03
48.8,2.49E-03,1.18E-03
48.817,2.07E-03,8.95E-04
48.833,1.40E-03,5.00E-04
48.85,1.13E-03,3.30E-04
48.867,7.13E-04,-5.80E-05
48.883,6.61E-04,-3.12E-04
48.9,6.90E-04,-3.36E-04
48.917,5.71E-04,-3.43E-04
48.933,4.41E-04,-3.32E-04
48.95,4.18E-04,-2.31E-04
48.967,3.00E-04,1.85E-04
48.983,3.39E-04,4.01E-04
49,4.01E-04,7.90E-04
49.017,3.95E-04,1.16E-03
49.033,4.00E-04,1.55E-03
49.05,4.45E-04,1.90E-03
49.067,4.45E-04,2.04E-03
49.083,4.49E-04,2.45E-03
49.1,4.50E-04,2.55E-03
49.117,4.52E-04,2.61E-03
49.133,4.57E-04,2.59E-03
49.15,4.77E-04,2.57E-03
49.167,5.14E-04,2.54E-03
49.183,5.08E-04,2.35E-03
49.2,3.68E-04,1.98E-03
49.217,2.40E-04,1.84E-03
49.233,2.41E-04,1.35E-03
49.25,5.65E-05,1.11E-03
49.267,-6.90E-05,8.28E-04
49.283,-1.12E-04,4.48E-04
49.3,-1.92E-04,3.03E-04
49.317,-1.23E-04,-1.02E-04
49.333,-1.42E-04,-2.50E-04
49.35,-3.14E-05,-3.09E-04
49.367,8.69E-05,-3.20E-04
49.383,4.52E-04,-3.13E-04
49.4,7.81E-04,-1.64E-04
49.417,1.16E-03,1.38E-04
49.433,1.34E-03,4.02E-04
49.45,1.46E-03,9.94E-04
49.467,1.78E-03,1.23E-03
49.483,2.14E-03,1.74E-03
49.5,2.55E-03,2.00E-03
49.517,2.91E-03,2.43E-03
49.533,3.01E-03,2.63E-03
49.55,3.26E-03,3.03E-03
49.567,3.36E-03,3.26E-03
49.583,3.53E-03,3.29E-03
49.6,3.52E-03,3.30E-03
49.617,3.46E-03,3.31E-03
49.633,3.46E-03,3.27E-03
49.65,3.26E-03,3.05E-03
49.667,3.30E-03,2.63E-03
49.683,3.03E-03,2.46E-03
49.7,2.70E-03,1.97E-03
49.717,2.47E-03,1.78E-03
49.733,1.94E-03,1.21E-03
49.75,1.38E-03,9.79E-04
49.767,1.21E-03,5.14E-04
49.783,1.03E-03,3.40E-04
49.8,8.33E-04,1.16E-05
49.817,6.55E-04,-1.72E-04
49.833,3.80E-04,-2.75E-04
49.85,1.54E-04,-2.98E-04
49.867,5.73E-05,-2.90E-04
49.883,-1.21E-04,-1.46E-04
49.9,-8.02E-05,2.58E-04
49.917,-9.24E-05,3.78E-04
49.933,-1.38E-04,7.02E-04
49.95,-1.05E-04,1.13E-03
49.967,-1.11E-04,1.50E-03
49.983,-9.90E-05,1.87E-03
50,-9.42E-05,2.01E-03
50.017,-8.67E-06,2.39E-03
50.033,9.11E-05,2.56E-03
50.05,3.27E-04,2.57E-03
50.067,3.87E-04,2.59E-03
50.083,5.76E-04,2.60E-03
50.1,5.59E-04,2.59E-03
50.117,5.26E-04,2.48E-03
50.133,5.33E-04,2.10E-03
50.15,3.80E-04,1.90E-03
50.167,4.45E-04,1.79E-03
50.183,4.51E-04,1.32E-03
50.2,4.68E-04,1.10E-03
50.217,4.69E-04,9.69E-04
50.233,5.89E-04,5.17E-04
50.25,5.74E-04,3.84E-04
50.267,5.71E-04,3.14E-04
50.283,7.26E-04,3.20E-04
50.3,7.73E-04,3.31E-04
